date,No. of Veh,Service interval,Run time (min),Term time (min),Avg. spd (km/h),Time of Day (morning: 0-late evening: 4)*,Weekday=0/Sat=1/Sun=2,RT dist (km),Interruption,time period start,time period end,EB/WB,bunch,total delay,gap
2025-01-05,14.0,10:00,123.0,17.0,14.7,4,2,30.13,0,2025-01-05 22:00:00,2025-01-06 04:00:00,E,50,1038.8166666666666,8
2025-01-05,14.0,10:00,123.0,17.0,14.7,4,2,30.13,0,2025-01-05 22:00:00,2025-01-06 04:00:00,W,3,171.51666666666665,45
2025-01-12,14.0,10:00,123.0,17.0,14.7,4,2,30.13,0,2025-01-12 22:00:00,2025-01-13 04:00:00,E,174,3970.0,35
2025-01-12,14.0,10:00,123.0,17.0,14.7,4,2,30.13,0,2025-01-12 22:00:00,2025-01-13 04:00:00,W,41,839.0166666666667,49
2025-01-19,14.0,10:00,123.0,17.0,14.7,4,2,30.13,0,2025-01-19 22:00:00,2025-01-20 04:00:00,E,149,1511.5666666666666,160
2025-01-19,14.0,10:00,123.0,17.0,14.7,4,2,30.13,0,2025-01-19 22:00:00,2025-01-20 04:00:00,W,12,272.6,44
2025-01-26,14.0,10:00,123.0,17.0,14.7,4,2,30.13,0,2025-01-26 22:00:00,2025-01-27 04:00:00,E,204,1365.2,124
2025-01-26,14.0,10:00,123.0,17.0,14.7,4,2,30.13,0,2025-01-26 22:00:00,2025-01-27 04:00:00,W,4,219.3,56
2025-02-02,14.0,10:00,123.0,17.0,14.7,4,2,30.13,0,2025-02-02 22:00:00,2025-02-03 04:00:00,E,248,1937.3333333333333,93
2025-02-02,14.0,10:00,123.0,17.0,14.7,4,2,30.13,0,2025-02-02 22:00:00,2025-02-03 04:00:00,W,16,332.1,40
2025-02-09,14.0,10:00,123.0,17.0,14.7,4,2,30.13,0,2025-02-09 22:00:00,2025-02-10 04:00:00,E,68,2438.266666666667,44
2025-02-09,14.0,10:00,123.0,17.0,14.7,4,2,30.13,0,2025-02-09 22:00:00,2025-02-10 04:00:00,W,15,552.3333333333334,47
2025-02-16,14.0,10:00,123.0,17.0,14.7,4,2,30.13,0,2025-02-16 22:00:00,2025-02-17 04:00:00,E,78,6382.033333333334,242
2025-02-16,14.0,10:00,123.0,17.0,14.7,4,2,30.13,0,2025-02-16 22:00:00,2025-02-17 04:00:00,W,46,856.1833333333333,51
2025-02-23,14.0,10:00,123.0,17.0,14.7,4,2,30.13,0,2025-02-23 22:00:00,2025-02-24 04:00:00,E,204,10402.116666666667,139
2025-02-23,14.0,10:00,123.0,17.0,14.7,4,2,30.13,0,2025-02-23 22:00:00,2025-02-24 04:00:00,W,37,1893.05,40
2025-03-02,14.0,10:00,123.0,17.0,14.7,4,2,30.13,0,2025-03-02 22:00:00,2025-03-03 04:00:00,E,194,4739.25,175
2025-03-02,14.0,10:00,123.0,17.0,14.7,4,2,30.13,0,2025-03-02 22:00:00,2025-03-03 04:00:00,W,22,684.5333333333333,27
2025-03-09,14.0,10:00,123.0,17.0,14.7,4,2,30.13,0,2025-03-09 22:00:00,2025-03-10 04:00:00,E,96,2984.7833333333333,99
2025-03-09,14.0,10:00,123.0,17.0,14.7,4,2,30.13,0,2025-03-09 22:00:00,2025-03-10 04:00:00,W,49,828.2166666666667,35
2025-03-16,14.0,10:00,123.0,17.0,14.7,4,2,30.13,0,2025-03-16 22:00:00,2025-03-17 04:00:00,E,0,1312.5833333333333,15
2025-03-16,14.0,10:00,123.0,17.0,14.7,4,2,30.13,0,2025-03-16 22:00:00,2025-03-17 04:00:00,W,6,208.35,15
2025-03-23,14.0,10:00,123.0,17.0,14.7,4,2,30.13,0,2025-03-23 22:00:00,2025-03-24 04:00:00,E,186,1799.9,90
2025-03-23,14.0,10:00,123.0,17.0,14.7,4,2,30.13,0,2025-03-23 22:00:00,2025-03-24 04:00:00,W,40,566.4166666666666,22
2025-03-30,14.0,10:00,123.0,17.0,14.7,4,2,30.13,0,2025-03-30 22:00:00,2025-03-31 04:00:00,E,70,1765.7666666666667,31
2025-03-30,14.0,10:00,123.0,17.0,14.7,4,2,30.13,0,2025-03-30 22:00:00,2025-03-31 04:00:00,W,25,705.95,22
2025-04-06,14.0,10:00,123.0,17.0,14.7,4,2,30.13,0,2025-04-06 22:00:00,2025-04-07 04:00:00,E,146,1248.8166666666666,101
2025-04-06,14.0,10:00,123.0,17.0,14.7,4,2,30.13,0,2025-04-06 22:00:00,2025-04-07 04:00:00,W,20,379.6166666666667,31
2025-04-13,14.0,10:00,123.0,17.0,14.7,4,2,30.13,0,2025-04-13 22:00:00,2025-04-14 04:00:00,E,159,4942.683333333333,92
2025-04-13,14.0,10:00,123.0,17.0,14.7,4,2,30.13,0,2025-04-13 22:00:00,2025-04-14 04:00:00,W,33,1133.4333333333334,27
2025-04-20,14.0,10:00,123.0,17.0,14.7,4,2,30.13,0,2025-04-20 22:00:00,2025-04-21 04:00:00,E,105,1543.0,58
2025-04-20,14.0,10:00,123.0,17.0,14.7,4,2,30.13,0,2025-04-20 22:00:00,2025-04-21 04:00:00,W,17,410.73333333333335,9
2025-04-27,14.0,10:00,123.0,17.0,14.7,4,2,30.13,0,2025-04-27 22:00:00,2025-04-28 04:00:00,E,151,4943.016666666666,143
2025-04-27,14.0,10:00,123.0,17.0,14.7,4,2,30.13,0,2025-04-27 22:00:00,2025-04-28 04:00:00,W,33,1744.7833333333333,78
2025-05-04,14.0,10:00,123.0,17.0,14.7,4,2,30.13,0,2025-05-04 22:00:00,2025-05-05 04:00:00,E,201,4589.2,85
2025-05-04,14.0,10:00,123.0,17.0,14.7,4,2,30.13,0,2025-05-04 22:00:00,2025-05-05 04:00:00,W,28,754.4666666666667,25
2025-05-11,14.0,10:00,123.0,17.0,14.7,4,2,30.13,0,2025-05-11 22:00:00,2025-05-12 04:00:00,E,125,2044.15,63
2025-05-11,14.0,10:00,123.0,17.0,14.7,4,2,30.13,0,2025-05-11 22:00:00,2025-05-12 04:00:00,W,59,1166.25,28
2025-05-18,14.0,10:00,123.0,17.0,14.7,4,2,30.13,0,2025-05-18 22:00:00,2025-05-19 04:00:00,E,149,2861.25,63
2025-05-18,14.0,10:00,123.0,17.0,14.7,4,2,30.13,0,2025-05-18 22:00:00,2025-05-19 04:00:00,W,15,622.9166666666666,32
2025-05-25,14.0,10:00,123.0,17.0,14.7,4,2,30.13,0,2025-05-25 22:00:00,2025-05-26 04:00:00,E,167,3214.7,61
2025-05-25,14.0,10:00,123.0,17.0,14.7,4,2,30.13,0,2025-05-25 22:00:00,2025-05-26 04:00:00,W,42,918.1333333333333,20
2025-06-01,14.0,10:00,123.0,17.0,14.7,4,2,30.13,0,2025-06-01 22:00:00,2025-06-02 04:00:00,E,123,4744.25,205
2025-06-01,14.0,10:00,123.0,17.0,14.7,4,2,30.13,0,2025-06-01 22:00:00,2025-06-02 04:00:00,W,28,888.75,38
2025-06-08,14.0,10:00,123.0,17.0,14.7,4,2,30.13,0,2025-06-08 22:00:00,2025-06-09 04:00:00,E,61,5086.966666666666,158
2025-06-08,14.0,10:00,123.0,17.0,14.7,4,2,30.13,0,2025-06-08 22:00:00,2025-06-09 04:00:00,W,25,670.6666666666666,35
2025-06-15,14.0,10:00,123.0,17.0,14.7,4,2,30.13,0,2025-06-15 22:00:00,2025-06-16 04:00:00,E,127,2192.85,166
2025-06-15,14.0,10:00,123.0,17.0,14.7,4,2,30.13,0,2025-06-15 22:00:00,2025-06-16 04:00:00,W,8,271.9,38
2025-06-22,14.0,10:00,123.0,17.0,14.7,4,2,30.13,0,2025-06-22 22:00:00,2025-06-23 04:00:00,E,123,15911.116666666667,212
2025-06-22,14.0,10:00,123.0,17.0,14.7,4,2,30.13,0,2025-06-22 22:00:00,2025-06-23 04:00:00,W,29,3163.6,71
2025-06-29,14.0,10:00,123.0,17.0,14.7,4,2,30.13,0,2025-06-29 22:00:00,2025-06-30 04:00:00,E,54,2083.1,105
2025-06-29,14.0,10:00,123.0,17.0,14.7,4,2,30.13,0,2025-06-29 22:00:00,2025-06-30 04:00:00,W,23,494.85,41
2025-07-06,14.0,10:00,123.0,17.0,14.7,4,2,30.13,0,2025-07-06 22:00:00,2025-07-07 04:00:00,E,169,2824.0333333333333,94
2025-07-06,14.0,10:00,123.0,17.0,14.7,4,2,30.13,0,2025-07-06 22:00:00,2025-07-07 04:00:00,W,24,524.8833333333333,21
2025-07-13,14.0,10:00,123.0,17.0,14.7,4,2,30.13,0,2025-07-13 22:00:00,2025-07-14 04:00:00,E,104,3033.3166666666666,132
2025-07-13,14.0,10:00,123.0,17.0,14.7,4,2,30.13,0,2025-07-13 22:00:00,2025-07-14 04:00:00,W,5,561.9166666666666,22
2025-07-20,14.0,10:00,123.0,17.0,14.7,4,2,30.13,0,2025-07-20 22:00:00,2025-07-21 04:00:00,E,50,2612.633333333333,128
2025-07-20,14.0,10:00,123.0,17.0,14.7,4,2,30.13,0,2025-07-20 22:00:00,2025-07-21 04:00:00,W,24,1380.7333333333333,51
2025-07-27,14.0,10:00,123.0,17.0,14.7,4,2,30.13,0,2025-07-27 22:00:00,2025-07-28 04:00:00,E,170,5635.333333333333,133
2025-07-27,14.0,10:00,123.0,17.0,14.7,4,2,30.13,0,2025-07-27 22:00:00,2025-07-28 04:00:00,W,40,1173.4166666666667,45
2025-08-03,14.0,10:00,123.0,17.0,14.7,4,2,30.13,0,2025-08-03 22:00:00,2025-08-04 04:00:00,E,222,4822.083333333333,210
2025-08-03,14.0,10:00,123.0,17.0,14.7,4,2,30.13,0,2025-08-03 22:00:00,2025-08-04 04:00:00,W,44,994.8666666666667,38
2025-08-10,14.0,10:00,123.0,17.0,14.7,4,2,30.13,0,2025-08-10 22:00:00,2025-08-11 04:00:00,E,214,4474.983333333334,282
2025-08-10,14.0,10:00,123.0,17.0,14.7,4,2,30.13,0,2025-08-10 22:00:00,2025-08-11 04:00:00,W,43,861.9833333333333,84
2025-08-17,14.0,10:00,123.0,17.0,14.7,4,2,30.13,0,2025-08-17 22:00:00,2025-08-18 04:00:00,E,106,5150.75,103
2025-08-17,14.0,10:00,123.0,17.0,14.7,4,2,30.13,0,2025-08-17 22:00:00,2025-08-18 04:00:00,W,76,3175.983333333333,105
2025-08-24,14.0,10:00,123.0,17.0,14.7,4,2,30.13,0,2025-08-24 22:00:00,2025-08-25 04:00:00,E,126,9815.0,115
2025-08-24,14.0,10:00,123.0,17.0,14.7,4,2,30.13,0,2025-08-24 22:00:00,2025-08-25 04:00:00,W,116,4789.783333333333,172
2025-08-31,14.0,10:00,123.0,17.0,14.7,4,2,30.13,0,2025-08-31 22:00:00,2025-09-01 04:00:00,E,93,3761.6833333333334,157
2025-08-31,14.0,10:00,123.0,17.0,14.7,4,2,30.13,0,2025-08-31 22:00:00,2025-09-01 04:00:00,W,15,890.1,51
2025-09-07,14.0,10:00,123.0,17.0,14.7,4,2,30.13,0,2025-09-07 22:00:00,2025-09-08 04:00:00,E,98,2645.0333333333333,99
2025-09-07,14.0,10:00,123.0,17.0,14.7,4,2,30.13,0,2025-09-07 22:00:00,2025-09-08 04:00:00,W,18,762.4333333333333,15
2025-09-14,14.0,10:00,123.0,17.0,14.7,4,2,30.13,0,2025-09-14 22:00:00,2025-09-15 04:00:00,E,92,2628.2166666666667,101
2025-09-14,14.0,10:00,123.0,17.0,14.7,4,2,30.13,0,2025-09-14 22:00:00,2025-09-15 04:00:00,W,19,626.65,24
2025-09-21,14.0,10:00,123.0,17.0,14.7,4,2,30.13,0,2025-09-21 22:00:00,2025-09-22 04:00:00,E,144,2952.233333333333,146
2025-09-21,14.0,10:00,123.0,17.0,14.7,4,2,30.13,0,2025-09-21 22:00:00,2025-09-22 04:00:00,W,35,630.2833333333333,27
2025-09-28,14.0,10:00,123.0,17.0,14.7,4,2,30.13,0,2025-09-28 22:00:00,2025-09-29 04:00:00,E,160,2554.5,121
2025-09-28,14.0,10:00,123.0,17.0,14.7,4,2,30.13,0,2025-09-28 22:00:00,2025-09-29 04:00:00,W,29,294.98333333333335,11
2025-10-05,14.0,10:00,123.0,17.0,14.7,4,2,30.13,0,2025-10-05 22:00:00,2025-10-06 04:00:00,E,106,1958.65,44
2025-10-05,14.0,10:00,123.0,17.0,14.7,4,2,30.13,0,2025-10-05 22:00:00,2025-10-06 04:00:00,W,18,660.1333333333333,21
2025-10-12,15.0,10:00,144.0,6.0,13.5,4,2,32.49,1,2025-10-12 22:00:00,2025-10-13 04:00:00,E,10,195.18333333333334,168
2025-10-12,15.0,10:00,144.0,6.0,13.5,4,2,32.49,1,2025-10-12 22:00:00,2025-10-13 04:00:00,W,6,81.73333333333333,40
2025-10-19,15.0,10:00,144.0,6.0,13.5,4,2,32.49,1,2025-10-19 22:00:00,2025-10-20 04:00:00,E,84,575.0166666666667,51
2025-10-19,15.0,10:00,144.0,6.0,13.5,4,2,32.49,1,2025-10-19 22:00:00,2025-10-20 04:00:00,W,17,34.21666666666667,9
2025-10-26,15.0,10:00,144.0,6.0,13.5,4,2,32.49,1,2025-10-26 22:00:00,2025-10-27 04:00:00,E,110,2175.766666666667,79
2025-10-26,15.0,10:00,144.0,6.0,13.5,4,2,32.49,1,2025-10-26 22:00:00,2025-10-27 04:00:00,W,21,22.75,30
2025-11-02,15.0,10:00,144.0,6.0,13.5,4,2,32.49,1,2025-11-02 22:00:00,2025-11-03 04:00:00,E,133,165.65,112
2025-11-02,15.0,10:00,144.0,6.0,13.5,4,2,32.49,1,2025-11-02 22:00:00,2025-11-03 04:00:00,W,17,142.38333333333333,22
2025-11-09,15.0,10:00,144.0,6.0,13.5,4,2,32.49,1,2025-11-09 22:00:00,2025-11-10 04:00:00,E,119,266.51666666666665,19
2025-11-09,15.0,10:00,144.0,6.0,13.5,4,2,32.49,1,2025-11-09 22:00:00,2025-11-10 04:00:00,W,24,48.5,10
2025-11-16,15.0,10:00,144.0,6.0,13.5,4,2,32.49,1,2025-11-16 22:00:00,2025-11-17 04:00:00,E,117,510.03333333333336,97
2025-11-16,15.0,10:00,144.0,6.0,13.5,4,2,32.49,1,2025-11-16 22:00:00,2025-11-17 04:00:00,W,30,76.08333333333333,31
2025-11-23,15.0,10:00,144.0,6.0,13.5,4,2,32.49,1,2025-11-23 22:00:00,2025-11-24 04:00:00,E,141,1976.6333333333334,90
2025-11-23,15.0,10:00,144.0,6.0,13.5,4,2,32.49,1,2025-11-23 22:00:00,2025-11-24 04:00:00,W,20,344.31666666666666,12
2025-11-30,15.0,10:00,144.0,6.0,13.5,4,2,32.49,1,2025-11-30 22:00:00,2025-12-01 04:00:00,E,156,1123.8166666666666,75
2025-11-30,15.0,10:00,144.0,6.0,13.5,4,2,32.49,1,2025-11-30 22:00:00,2025-12-01 04:00:00,W,29,448.4,12
2025-12-07,15.0,10:00,144.0,6.0,13.5,4,2,32.49,1,2025-12-07 22:00:00,2025-12-08 04:00:00,E,135,488.46666666666664,79
2025-12-07,15.0,10:00,144.0,6.0,13.5,4,2,32.49,1,2025-12-07 22:00:00,2025-12-08 04:00:00,W,17,97.45,27
2025-12-14,15.0,10:00,144.0,6.0,13.5,4,2,32.49,1,2025-12-14 22:00:00,2025-12-15 04:00:00,E,195,635.6,67
2025-12-14,15.0,10:00,144.0,6.0,13.5,4,2,32.49,1,2025-12-14 22:00:00,2025-12-15 04:00:00,W,20,86.16666666666667,8
