"Veh type (LFsc = 0, Bus = 1)",No. of Veh,Service interval,Run time (min),Term time (min),Avg. spd (km/h),Time of Day (morning: 0-late evening: 4)*,Weekday=0/Sat=1/Sun=2,Summary date (mm-dd-yyyy),Date of Last Change (mm-dd-yyyy),RT dist (km),First dep NB or WB,First dep SB or EB,Last dep NB or WB,Last dep SB or EB,Route,Interruption
0,16,10:00,152,8,12.8,0,0,02-08-2026 : 03-14-2026,12-22-2025,32.49,04:39,05:06,01:11,01:09,506 High Park-Main St Stn ,
0,17,10:00,164,6,11.9,1,0,02-08-2026 : 03-14-2026,12-22-2025,32.49,04:39,05:06,01:11,01:09,506 High Park-Main St Stn ,
0,19,10:00,182,8,10.7,2,0,02-08-2026 : 03-14-2026,12-22-2025,32.49,04:39,05:06,01:11,01:09,506 High Park-Main St Stn ,
0,16,10:00,148,12,13.2,3,0,02-08-2026 : 03-14-2026,12-22-2025,32.49,04:39,05:06,01:11,01:09,506 High Park-Main St Stn ,
0,14,10:00,132,8,14.8,4,0,02-08-2026 : 03-14-2026,12-22-2025,32.49,04:39,05:06,01:11,01:09,506 High Park-Main St Stn ,
0,13,10:00,119,11,16.4,0,1,02-08-2026 : 03-14-2026,02-14-2025,32.49,05:00,05:49,01:09,01:02,506 High Park-Main St Stn ,
0,16,10:00,151,9,12.9,1,1,02-08-2026 : 03-14-2026,02-14-2025,32.49,05:00,05:49,01:09,01:02,506 High Park-Main St Stn ,
0,23,08:00,175,9,11.11,2,1,02-08-2026 : 03-14-2026,02-14-2025,32.49,05:00,05:49,01:09,01:02,506 High Park-Main St Stn ,
0,17,10:00,154,16,12.7,3,1,02-08-2026 : 03-14-2026,02-14-2025,32.49,05:00,05:49,01:09,01:02,506 High Park-Main St Stn ,
0,15,10:00,141,9,13.8,4,1,02-08-2026 : 03-14-2026,02-14-2025,32.49,05:00,05:49,01:09,01:02,506 High Park-Main St Stn ,
0,13,10:00,119,11,16.4,0,2,02-08-2026 : 03-14-2026,12-21-2025,32.49,07:55,06:56,01:00,01:08,506 High Park-Main St Stn ,
0,15,10:00,141,9,13.8,1,2,02-08-2026 : 03-14-2026,12-21-2025,32.49,07:55,06:56,01:00,01:08,506 High Park-Main St Stn ,
0,17,10:00,157,13,12.4,2,2,02-08-2026 : 03-14-2026,12-21-2025,32.49,07:55,06:56,01:00,01:08,506 High Park-Main St Stn ,
0,15,10:00,138,12,14.1,3,2,02-08-2026 : 03-14-2026,12-21-2025,32.49,07:55,06:56,01:00,01:08,506 High Park-Main St Stn ,
0,14,10:00,123,17,15.9,4,2,02-08-2026 : 03-14-2026,12-21-2025,32.49,07:55,06:56,01:00,01:08,506 High Park-Main St Stn ,
0,19,10:00,175,15,11.1,0,0,01-02-2026 : 02-07-2026,10-14-2025,32.49,04:51,04:40,01:11,01:09,506 High Park-Main St Stn via Spadina & Bay ,Temporary streetcar diversion to accommodate track and overhead work at College St and McCaul St
0,20,10:00,188,12,10.4,1,0,01-02-2026 : 02-07-2026,10-14-2025,32.49,04:51,04:40,01:11,01:09,506 High Park-Main St Stn via Spadina & Bay ,Temporary streetcar diversion to accommodate track and overhead work at College St and McCaul St
0,22,10:00,209,11,9.3,2,0,01-02-2026 : 02-07-2026,10-14-2025,32.49,04:51,04:40,01:11,01:09,506 High Park-Main St Stn via Spadina & Bay ,Temporary streetcar diversion to accommodate track and overhead work at College St and McCaul St
0,18,10:00,172,8,11.3,3,0,01-02-2026 : 02-07-2026,10-14-2025,32.49,04:51,04:40,01:11,01:09,506 High Park-Main St Stn via Spadina & Bay ,Temporary streetcar diversion to accommodate track and overhead work at College St and McCaul St
0,17,10:00,158,12,12.3,4,0,01-02-2026 : 02-07-2026,10-14-2025,32.49,04:51,04:40,01:11,01:09,506 High Park-Main St Stn via Spadina & Bay ,Temporary streetcar diversion to accommodate track and overhead work at College St and McCaul St
0,15,10:00,140,10,13.9,0,1,01-02-2026 : 02-07-2026,10-18-2025,32.49,05:00,05:49,01:09,01:02,506 High Park-Main St Stn via Spadina & Bay ,Temporary streetcar diversion to accommodate track and overhead work at College St and McCaul St
0,18,10:00,172,8,11.3,1,1,01-02-2026 : 02-07-2026,10-18-2025,32.49,05:00,05:49,01:09,01:02,506 High Park-Main St Stn via Spadina & Bay ,Temporary streetcar diversion to accommodate track and overhead work at College St and McCaul St
0,26,08:00,199,9,9.8,2,1,01-02-2026 : 02-07-2026,10-18-2025,32.49,05:00,05:49,01:09,01:02,506 High Park-Main St Stn via Spadina & Bay ,Temporary streetcar diversion to accommodate track and overhead work at College St and McCaul St
0,21,09:00,178,11,11,3,1,01-02-2026 : 02-07-2026,10-18-2025,32.49,05:00,05:49,01:09,01:02,506 High Park-Main St Stn via Spadina & Bay ,Temporary streetcar diversion to accommodate track and overhead work at College St and McCaul St
0,17,10:00,163,7,12,4,1,01-02-2026 : 02-07-2026,10-18-2025,32.49,05:00,05:49,01:09,01:02,506 High Park-Main St Stn via Spadina & Bay ,Temporary streetcar diversion to accommodate track and overhead work at College St and McCaul St
0,15,10:00,141,9,13.8,0,2,01-02-2026 : 02-07-2026,10-12-2025,32.49,05:04,04:55,01:09,01:02,506 High Park-Main St Stn via Spadina & Bay ,Temporary streetcar diversion to accommodate track and overhead work at College St and McCaul St
0,17,10:00,163,7,12,1,2,01-02-2026 : 02-07-2026,10-12-2025,32.49,05:04,04:55,01:09,01:02,506 High Park-Main St Stn via Spadina & Bay ,Temporary streetcar diversion to accommodate track and overhead work at College St and McCaul St
0,19,10:00,180,10,10.8,2,2,01-02-2026 : 02-07-2026,10-12-2025,32.49,05:04,04:55,01:09,01:02,506 High Park-Main St Stn via Spadina & Bay ,Temporary streetcar diversion to accommodate track and overhead work at College St and McCaul St
0,17,10:00,163,7,12,3,2,01-02-2026 : 02-07-2026,10-12-2025,32.49,05:04,04:55,01:09,01:02,506 High Park-Main St Stn via Spadina & Bay ,Temporary streetcar diversion to accommodate track and overhead work at College St and McCaul St
0,15,10:00,144,6,13.5,4,2,01-02-2026 : 02-07-2026,10-12-2025,32.49,05:04,04:55,01:09,01:02,506 High Park-Main St Stn via Spadina & Bay ,Temporary streetcar diversion to accommodate track and overhead work at College St and McCaul St
0,19,10:00,175,15,11.1,0,0,12-5-2025 : 12-20-2025,10-14-2025,32.49,04:51,04:40,01:11,01:09,506 High Park-Main St Stn via Spadina & Bay ,Temporary streetcar diversion to accommodate track and overhead work at College St and McCaul St
0,20,10:00,188,12,10.4,1,0,12-5-2025 : 12-20-2025,10-14-2025,32.49,04:51,04:40,01:11,01:09,506 High Park-Main St Stn via Spadina & Bay ,Temporary streetcar diversion to accommodate track and overhead work at College St and McCaul St
0,22,10:00,209,11,9.3,2,0,12-5-2025 : 12-20-2025,10-14-2025,32.49,04:51,04:40,01:11,01:09,506 High Park-Main St Stn via Spadina & Bay ,Temporary streetcar diversion to accommodate track and overhead work at College St and McCaul St
0,18,10:00,172,8,11.3,3,0,12-5-2025 : 12-20-2025,10-14-2025,32.49,04:51,04:40,01:11,01:09,506 High Park-Main St Stn via Spadina & Bay ,Temporary streetcar diversion to accommodate track and overhead work at College St and McCaul St
0,17,10:00,158,12,12.3,4,0,12-5-2025 : 12-20-2025,10-14-2025,32.49,04:51,04:40,01:11,01:09,506 High Park-Main St Stn via Spadina & Bay ,Temporary streetcar diversion to accommodate track and overhead work at College St and McCaul St
0,15,10:00,140,10,13.9,0,1,12-5-2025 : 12-20-2025,10-18-2025,32.49,05:00,05:49,01:09,01:02,506 High Park-Main St Stn via Spadina & Bay ,Temporary streetcar diversion to accommodate track and overhead work at College St and McCaul St
0,18,10:00,172,8,11.3,1,1,12-5-2025 : 12-20-2025,10-18-2025,32.49,05:00,05:49,01:09,01:02,506 High Park-Main St Stn via Spadina & Bay ,Temporary streetcar diversion to accommodate track and overhead work at College St and McCaul St
0,26,08:00,199,9,9.8,2,1,12-5-2025 : 12-20-2025,10-18-2025,32.49,05:00,05:49,01:09,01:02,506 High Park-Main St Stn via Spadina & Bay ,Temporary streetcar diversion to accommodate track and overhead work at College St and McCaul St
0,21,09:00,178,11,11,3,1,12-5-2025 : 12-20-2025,10-18-2025,32.49,05:00,05:49,01:09,01:02,506 High Park-Main St Stn via Spadina & Bay ,Temporary streetcar diversion to accommodate track and overhead work at College St and McCaul St
0,17,10:00,163,7,12,4,1,12-5-2025 : 12-20-2025,10-18-2025,32.49,05:00,05:49,01:09,01:02,506 High Park-Main St Stn via Spadina & Bay ,Temporary streetcar diversion to accommodate track and overhead work at College St and McCaul St
0,15,10:00,141,9,13.8,0,2,12-5-2025 : 12-20-2025,10-12-2025,32.49,05:04,04:55,01:09,01:02,506 High Park-Main St Stn via Spadina & Bay ,Temporary streetcar diversion to accommodate track and overhead work at College St and McCaul St
0,17,10:00,163,7,12,1,2,12-5-2025 : 12-20-2025,10-12-2025,32.49,05:04,04:55,01:09,01:02,506 High Park-Main St Stn via Spadina & Bay ,Temporary streetcar diversion to accommodate track and overhead work at College St and McCaul St
0,19,10:00,180,10,10.8,2,2,12-5-2025 : 12-20-2025,10-12-2025,32.49,05:04,04:55,01:09,01:02,506 High Park-Main St Stn via Spadina & Bay ,Temporary streetcar diversion to accommodate track and overhead work at College St and McCaul St
0,17,10:00,163,7,12,3,2,12-5-2025 : 12-20-2025,10-12-2025,32.49,05:04,04:55,01:09,01:02,506 High Park-Main St Stn via Spadina & Bay ,Temporary streetcar diversion to accommodate track and overhead work at College St and McCaul St
0,15,10:00,144,6,13.5,4,2,12-5-2025 : 12-20-2025,10-12-2025,32.49,05:04,04:55,01:09,01:02,506 High Park-Main St Stn via Spadina & Bay ,Temporary streetcar diversion to accommodate track and overhead work at College St and McCaul St
0,19,10:00,175,15,11.1,0,0,11-16-2025 : 12-20-2025 ? ,10-14-2025,32.49,04:51,04:40,01:11,01:09,506 High Park-Main St Stn via Spadina & Bay ,Temporary streetcar diversion to accommodate track and overhead work at College St and McCaul St
0,20,10:00,188,12,10.4,1,0,11-16-2025 : 12-20-2025 ? ,10-14-2025,32.49,04:51,04:40,01:11,01:09,506 High Park-Main St Stn via Spadina & Bay ,Temporary streetcar diversion to accommodate track and overhead work at College St and McCaul St
0,22,10:00,209,11,9.3,2,0,11-16-2025 : 12-20-2025 ? ,10-14-2025,32.49,04:51,04:40,01:11,01:09,506 High Park-Main St Stn via Spadina & Bay ,Temporary streetcar diversion to accommodate track and overhead work at College St and McCaul St
0,18,10:00,172,8,11.3,3,0,11-16-2025 : 12-20-2025 ? ,10-14-2025,32.49,04:51,04:40,01:11,01:09,506 High Park-Main St Stn via Spadina & Bay ,Temporary streetcar diversion to accommodate track and overhead work at College St and McCaul St
0,17,10:00,158,12,12.3,4,0,11-16-2025 : 12-20-2025 ? ,10-14-2025,32.49,04:51,04:40,01:11,01:09,506 High Park-Main St Stn via Spadina & Bay ,Temporary streetcar diversion to accommodate track and overhead work at College St and McCaul St
0,15,10:00,140,10,13.9,0,1,11-16-2025 : 12-20-2025 ? ,10-18-2025,32.49,05:00,05:49,01:09,01:02,506 High Park-Main St Stn via Spadina & Bay ,Temporary streetcar diversion to accommodate track and overhead work at College St and McCaul St
0,18,10:00,172,8,11.3,1,1,11-16-2025 : 12-20-2025 ? ,10-18-2025,32.49,05:00,05:49,01:09,01:02,506 High Park-Main St Stn via Spadina & Bay ,Temporary streetcar diversion to accommodate track and overhead work at College St and McCaul St
0,26,08:00,199,9,9.8,2,1,11-16-2025 : 12-20-2025 ? ,10-18-2025,32.49,05:00,05:49,01:09,01:02,506 High Park-Main St Stn via Spadina & Bay ,Temporary streetcar diversion to accommodate track and overhead work at College St and McCaul St
0,21,09:00,178,11,11,3,1,11-16-2025 : 12-20-2025 ? ,10-18-2025,32.49,05:00,05:49,01:09,01:02,506 High Park-Main St Stn via Spadina & Bay ,Temporary streetcar diversion to accommodate track and overhead work at College St and McCaul St
0,17,10:00,163,7,12,4,1,11-16-2025 : 12-20-2025 ? ,10-18-2025,32.49,05:00,05:49,01:09,01:02,506 High Park-Main St Stn via Spadina & Bay ,Temporary streetcar diversion to accommodate track and overhead work at College St and McCaul St
0,15,10:00,141,9,13.8,0,2,11-16-2025 : 12-20-2025 ? ,10-12-2025,32.49,05:04,04:55,01:09,01:02,506 High Park-Main St Stn via Spadina & Bay ,Temporary streetcar diversion to accommodate track and overhead work at College St and McCaul St
0,17,10:00,163,7,12,1,2,11-16-2025 : 12-20-2025 ? ,10-12-2025,32.49,05:04,04:55,01:09,01:02,506 High Park-Main St Stn via Spadina & Bay ,Temporary streetcar diversion to accommodate track and overhead work at College St and McCaul St
0,19,10:00,180,10,10.8,2,2,11-16-2025 : 12-20-2025 ? ,10-12-2025,32.49,05:04,04:55,01:09,01:02,506 High Park-Main St Stn via Spadina & Bay ,Temporary streetcar diversion to accommodate track and overhead work at College St and McCaul St
0,17,10:00,163,7,12,3,2,11-16-2025 : 12-20-2025 ? ,10-12-2025,32.49,05:04,04:55,01:09,01:02,506 High Park-Main St Stn via Spadina & Bay ,Temporary streetcar diversion to accommodate track and overhead work at College St and McCaul St
0,15,10:00,144,6,13.5,4,2,11-16-2025 : 12-20-2025 ? ,10-12-2025,32.49,05:04,04:55,01:09,01:02,506 High Park-Main St Stn via Spadina & Bay ,Temporary streetcar diversion to accommodate track and overhead work at College St and McCaul St
0,19,10:00,175,15,11.1,0,0,10-12-2025 : 11-15-2025,10-14-2025,32.49,04:51,04:40,01:11,01:09,506 High Park-Main St Stn via Spadina & Bay ,Temporary streetcar diversion to accommodate track and overhead work at College St and McCaul St
0,20,10:00,188,12,10.4,1,0,10-12-2025 : 11-15-2025,10-14-2025,32.49,04:51,04:40,01:11,01:09,506 High Park-Main St Stn via Spadina & Bay ,Temporary streetcar diversion to accommodate track and overhead work at College St and McCaul St
0,22,10:00,209,11,9.3,2,0,10-12-2025 : 11-15-2025,10-14-2025,32.49,04:51,04:40,01:11,01:09,506 High Park-Main St Stn via Spadina & Bay ,Temporary streetcar diversion to accommodate track and overhead work at College St and McCaul St
0,18,10:00,172,8,11.3,3,0,10-12-2025 : 11-15-2025,10-14-2025,32.49,04:51,04:40,01:11,01:09,506 High Park-Main St Stn via Spadina & Bay ,Temporary streetcar diversion to accommodate track and overhead work at College St and McCaul St
0,17,10:00,158,12,12.3,4,0,10-12-2025 : 11-15-2025,10-14-2025,32.49,04:51,04:40,01:11,01:09,506 High Park-Main St Stn via Spadina & Bay ,Temporary streetcar diversion to accommodate track and overhead work at College St and McCaul St
0,15,10:00,140,10,13.9,0,1,10-12-2025 : 11-15-2025,10-18-2025,32.49,05:00,05:49,01:09,01:02,506 High Park-Main St Stn via Spadina & Bay ,Temporary streetcar diversion to accommodate track and overhead work at College St and McCaul St
0,18,10:00,172,8,11.3,1,1,10-12-2025 : 11-15-2025,10-18-2025,32.49,05:00,05:49,01:09,01:02,506 High Park-Main St Stn via Spadina & Bay ,Temporary streetcar diversion to accommodate track and overhead work at College St and McCaul St
0,26,08:00,199,9,9.8,2,1,10-12-2025 : 11-15-2025,10-18-2025,32.49,05:00,05:49,01:09,01:02,506 High Park-Main St Stn via Spadina & Bay ,Temporary streetcar diversion to accommodate track and overhead work at College St and McCaul St
0,21,09:00,178,11,11,3,1,10-12-2025 : 11-15-2025,10-18-2025,32.49,05:00,05:49,01:09,01:02,506 High Park-Main St Stn via Spadina & Bay ,Temporary streetcar diversion to accommodate track and overhead work at College St and McCaul St
0,17,10:00,163,7,12,4,1,10-12-2025 : 11-15-2025,10-18-2025,32.49,05:00,05:49,01:09,01:02,506 High Park-Main St Stn via Spadina & Bay ,Temporary streetcar diversion to accommodate track and overhead work at College St and McCaul St
0,15,10:00,141,9,13.8,0,2,10-12-2025 : 11-15-2025,10-12-2025,32.49,05:04,04:55,01:09,01:02,506 High Park-Main St Stn via Spadina & Bay ,Temporary streetcar diversion to accommodate track and overhead work at College St and McCaul St
0,17,10:00,163,7,12,1,2,10-12-2025 : 11-15-2025,10-12-2025,32.49,05:04,04:55,01:09,01:02,506 High Park-Main St Stn via Spadina & Bay ,Temporary streetcar diversion to accommodate track and overhead work at College St and McCaul St
0,19,10:00,180,10,10.8,2,2,10-12-2025 : 11-15-2025,10-12-2025,32.49,05:04,04:55,01:09,01:02,506 High Park-Main St Stn via Spadina & Bay ,Temporary streetcar diversion to accommodate track and overhead work at College St and McCaul St
0,17,10:00,163,7,12,3,2,10-12-2025 : 11-15-2025,10-12-2025,32.49,05:04,04:55,01:09,01:02,506 High Park-Main St Stn via Spadina & Bay ,Temporary streetcar diversion to accommodate track and overhead work at College St and McCaul St
0,15,10:00,144,6,13.5,4,2,10-12-2025 : 11-15-2025,10-12-2025,32.49,05:04,04:55,01:09,01:02,506 High Park-Main St Stn via Spadina & Bay ,Temporary streetcar diversion to accommodate track and overhead work at College St and McCaul St
0,16,10:00,150,10,12.1,0,0,08-31-2025 : 10-11-2025,02-18-2025,30.13,04:51,04:40,01:11,01:09,506 High Park Loop-Main Street Stn ,
0,17,10:00,161,9,11.2,1,0,08-31-2025 : 10-11-2025,02-18-2025,30.13,04:51,04:40,01:11,01:09,506 High Park Loop-Main Street Stn ,
0,19,10:00,180,10,10,2,0,08-31-2025 : 10-11-2025,02-18-2025,30.13,04:51,04:40,01:11,01:09,506 High Park Loop-Main Street Stn ,
0,16,10:00,146,14,12.4,3,0,08-31-2025 : 10-11-2025,02-18-2025,30.13,04:51,04:40,01:11,01:09,506 High Park Loop-Main Street Stn ,
0,14,10:00,130,10,13.9,4,0,08-31-2025 : 10-11-2025,02-18-2025,30.13,04:51,04:40,01:11,01:09,506 High Park Loop-Main Street Stn ,
0,13,10:00,119,11,15.2,0,1,08-31-2025 : 10-11-2025,04-05-2025,30.13,05:00,05:49,01:09,01:02,506 High Park Loop-Main Street Stn ,
0,16,10:00,151,9,12,1,1,08-31-2025 : 10-11-2025,04-05-2025,30.13,05:00,05:49,01:09,01:02,506 High Park Loop-Main Street Stn ,
0,23,08:00,175,9,10.3,2,1,08-31-2025 : 10-11-2025,04-05-2025,30.13,05:00,05:49,01:09,01:02,506 High Park Loop-Main Street Stn ,
0,19,09:00,154,17,11.7,3,1,08-31-2025 : 10-11-2025,04-05-2025,30.13,05:00,05:49,01:09,01:02,506 High Park Loop-Main Street Stn ,
0,15,10:00,139,11,13,4,1,08-31-2025 : 10-11-2025,04-05-2025,30.13,05:00,05:49,01:09,01:02,506 High Park Loop-Main Street Stn ,
0,13,10:00,119,15,15.2,0,2,08-31-2025 : 10-11-2025,02-16-2025,30.13,05:04,04:55,01:09,01:02,506 High Park Loop-Main Street Stn ,
0,15,10:00,141,9,12.8,1,2,08-31-2025 : 10-11-2025,02-16-2025,30.13,05:04,04:55,01:09,01:02,506 High Park Loop-Main Street Stn ,
0,17,10:00,157,13,11.5,2,2,08-31-2025 : 10-11-2025,02-16-2025,30.13,05:04,04:55,01:09,01:02,506 High Park Loop-Main Street Stn ,
0,15,10:00,138,12,13.1,3,2,08-31-2025 : 10-11-2025,02-16-2025,30.13,05:04,04:55,01:09,01:02,506 High Park Loop-Main Street Stn ,
0,14,10:00,123,17,14.7,4,2,08-31-2025 : 10-11-2025,02-16-2025,30.13,05:04,04:55,01:09,01:02,506 High Park Loop-Main Street Stn ,
0,16,10:00,150,10,12.1,0,0,07-27-2025 : 08-30-2025,02-18-2025,30.13,04:51,04:40,01:11,01:09,506 High Park Loop-Main Street Stn ,
0,17,10:00,161,9,11.2,1,0,07-27-2025 : 08-30-2025,02-18-2025,30.13,04:51,04:40,01:11,01:09,506 High Park Loop-Main Street Stn ,
0,19,10:00,180,10,10,2,0,07-27-2025 : 08-30-2025,02-18-2025,30.13,04:51,04:40,01:11,01:09,506 High Park Loop-Main Street Stn ,
0,16,10:00,146,14,12.4,3,0,07-27-2025 : 08-30-2025,02-18-2025,30.13,04:51,04:40,01:11,01:09,506 High Park Loop-Main Street Stn ,
0,14,10:00,130,10,13.9,4,0,07-27-2025 : 08-30-2025,02-18-2025,30.13,04:51,04:40,01:11,01:09,506 High Park Loop-Main Street Stn ,
0,13,10:00,119,11,15.2,0,1,07-27-2025 : 08-30-2025,04-05-2025,30.13,05:00,05:49,01:09,01:02,506 High Park Loop-Main Street Stn ,
0,16,10:00,151,9,12,1,1,07-27-2025 : 08-30-2025,04-05-2025,30.13,05:00,05:49,01:09,01:02,506 High Park Loop-Main Street Stn ,
0,23,08:00,175,9,10.3,2,1,07-27-2025 : 08-30-2025,04-05-2025,30.13,05:00,05:49,01:09,01:02,506 High Park Loop-Main Street Stn ,
0,19,09:00,154,17,11.7,3,1,07-27-2025 : 08-30-2025,04-05-2025,30.13,05:00,05:49,01:09,01:02,506 High Park Loop-Main Street Stn ,
0,15,10:00,139,11,13,4,1,07-27-2025 : 08-30-2025,04-05-2025,30.13,05:00,05:49,01:09,01:02,506 High Park Loop-Main Street Stn ,
0,13,10:00,119,11,15.2,0,2,07-27-2025 : 08-30-2025,02-16-2025,30.13,05:04,04:55,01:09,01:02,506 High Park Loop-Main Street Stn ,
0,15,10:00,141,9,12.8,1,2,07-27-2025 : 08-30-2025,02-16-2025,30.13,05:04,04:55,01:09,01:02,506 High Park Loop-Main Street Stn ,
0,17,10:00,157,13,11.5,2,2,07-27-2025 : 08-30-2025,02-16-2025,30.13,05:04,04:55,01:09,01:02,506 High Park Loop-Main Street Stn ,
0,15,10:00,138,12,13.1,3,2,07-27-2025 : 08-30-2025,02-16-2025,30.13,05:04,04:55,01:09,01:02,506 High Park Loop-Main Street Stn ,
0,14,10:00,123,17,14.7,4,2,07-27-2025 : 08-30-2025,02-16-2025,30.13,05:04,04:55,01:09,01:02,506 High Park Loop-Main Street Stn ,
0,16,10:00,150,10,12.1,0,0,06-22-2025 : 07-26-2025,02-18-2025,30.13,04:51,04:40,01:11,01:09,506 High Park Loop-Main Street Stn ,
0,17,10:00,161,9,11.2,1,0,06-22-2025 : 07-26-2025,02-18-2025,30.13,04:51,04:40,01:11,01:09,506 High Park Loop-Main Street Stn ,
0,19,10:00,180,10,10,2,0,06-22-2025 : 07-26-2025,02-18-2025,30.13,04:51,04:40,01:11,01:09,506 High Park Loop-Main Street Stn ,
0,16,10:00,146,14,12.4,3,0,06-22-2025 : 07-26-2025,02-18-2025,30.13,04:51,04:40,01:11,01:09,506 High Park Loop-Main Street Stn ,
0,14,10:00,130,10,13.9,4,0,06-22-2025 : 07-26-2025,02-18-2025,30.13,04:51,04:40,01:11,01:09,506 High Park Loop-Main Street Stn ,
0,13,10:00,119,11,15.2,0,1,06-22-2025 : 07-26-2025,04-05-2025,30.13,05:00,05:49,01:09,01:02,506 High Park Loop-Main Street Stn ,
0,16,10:00,151,9,12,1,1,06-22-2025 : 07-26-2025,04-05-2025,30.13,05:00,05:49,01:09,01:02,506 High Park Loop-Main Street Stn ,
0,23,08:00,175,9,10.3,2,1,06-22-2025 : 07-26-2025,04-05-2025,30.13,05:00,05:49,01:09,01:02,506 High Park Loop-Main Street Stn ,
0,19,09:00,154,17,11.7,3,1,06-22-2025 : 07-26-2025,04-05-2025,30.13,05:00,05:49,01:09,01:02,506 High Park Loop-Main Street Stn ,
0,15,10:00,139,11,13,4,1,06-22-2025 : 07-26-2025,04-05-2025,30.13,05:00,05:49,01:09,01:02,506 High Park Loop-Main Street Stn ,
0,13,10:00,119,11,15.2,0,2,06-22-2025 : 07-26-2025,02-16-2025,30.13,05:04,04:55,01:09,01:02,506 High Park Loop-Main Street Stn ,
0,15,10:00,141,9,12.8,1,2,06-22-2025 : 07-26-2025,02-16-2025,30.13,05:04,04:55,01:09,01:02,506 High Park Loop-Main Street Stn ,
0,17,10:00,157,13,11.5,2,2,06-22-2025 : 07-26-2025,02-16-2025,30.13,05:04,04:55,01:09,01:02,506 High Park Loop-Main Street Stn ,
0,15,10:00,138,12,13.1,3,2,06-22-2025 : 07-26-2025,02-16-2025,30.13,05:04,04:55,01:09,01:02,506 High Park Loop-Main Street Stn ,
0,14,10:00,123,17,14.7,4,2,06-22-2025 : 07-26-2025,02-16-2025,30.13,05:04,04:55,01:09,01:02,506 High Park Loop-Main Street Stn ,
0,16,10:00,150,10,12.1,0,0,05-11-2025 : 06-21-2025,02-18-2025,30.13,04:51,04:40,01:11,01:09,506 High Park Loop-Main Street Stn ,
0,17,10:00,161,9,11.2,1,0,05-11-2025 : 06-21-2025,02-18-2025,30.13,04:51,04:40,01:11,01:09,506 High Park Loop-Main Street Stn ,
0,19,10:00,180,10,10,2,0,05-11-2025 : 06-21-2025,02-18-2025,30.13,04:51,04:40,01:11,01:09,506 High Park Loop-Main Street Stn ,
0,16,10:00,146,14,12.4,3,0,05-11-2025 : 06-21-2025,02-18-2025,30.13,04:51,04:40,01:11,01:09,506 High Park Loop-Main Street Stn ,
0,14,10:00,130,10,13.9,4,0,05-11-2025 : 06-21-2025,02-18-2025,30.13,04:51,04:40,01:11,01:09,506 High Park Loop-Main Street Stn ,
0,13,10:00,119,11,15.2,0,1,05-11-2025 : 06-21-2025,04-05-2025,30.13,05:00,05:49,01:09,01:02,506 High Park Loop-Main Street Stn ,
0,16,10:00,151,9,12,1,1,05-11-2025 : 06-21-2025,04-05-2025,30.13,05:00,05:49,01:09,01:02,506 High Park Loop-Main Street Stn ,
0,23,08:00,175,9,10.3,2,1,05-11-2025 : 06-21-2025,04-05-2025,30.13,05:00,05:49,01:09,01:02,506 High Park Loop-Main Street Stn ,
0,19,09:00,154,17,11.7,3,1,05-11-2025 : 06-21-2025,04-05-2025,30.13,05:00,05:49,01:09,01:02,506 High Park Loop-Main Street Stn ,
0,15,10:00,139,11,13,4,1,05-11-2025 : 06-21-2025,04-05-2025,30.13,05:00,05:49,01:09,01:02,506 High Park Loop-Main Street Stn ,
0,13,10:00,119,11,15.2,0,2,05-11-2025 : 06-21-2025,02-16-2025,30.13,05:04,04:55,01:09,01:02,506 High Park Loop-Main Street Stn ,
0,15,10:00,141,9,12.8,1,2,05-11-2025 : 06-21-2025,02-16-2025,30.13,05:04,04:55,01:09,01:02,506 High Park Loop-Main Street Stn ,
0,17,10:00,157,13,11.5,2,2,05-11-2025 : 06-21-2025,02-16-2025,30.13,05:04,04:55,01:09,01:02,506 High Park Loop-Main Street Stn ,
0,15,10:00,138,12,13.1,3,2,05-11-2025 : 06-21-2025,02-16-2025,30.13,05:04,04:55,01:09,01:02,506 High Park Loop-Main Street Stn ,
0,14,10:00,123,17,14.7,4,2,05-11-2025 : 06-21-2025,02-16-2025,30.13,05:04,04:55,01:09,01:02,506 High Park Loop-Main Street Stn ,
0,16,10:00,150,10,12.1,0,0,03-30-2025 : 05-10-2025,02-18-2025,30.13,04:51,04:40,01:11,01:09,506 High Park Loop-Main Street Stn ,
0,17,10:00,161,9,11.2,1,0,03-30-2025 : 05-10-2025,02-18-2025,30.13,04:51,04:40,01:11,01:09,506 High Park Loop-Main Street Stn ,
0,19,10:00,180,10,10,2,0,03-30-2025 : 05-10-2025,02-18-2025,30.13,04:51,04:40,01:11,01:09,506 High Park Loop-Main Street Stn ,
0,16,10:00,146,14,12.4,3,0,03-30-2025 : 05-10-2025,02-18-2025,30.13,04:51,04:40,01:11,01:09,506 High Park Loop-Main Street Stn ,
0,14,10:00,130,10,13.9,4,0,03-30-2025 : 05-10-2025,02-18-2025,30.13,04:51,04:40,01:11,01:09,506 High Park Loop-Main Street Stn ,
0,13,10:00,119,11,15.2,0,1,03-30-2025 : 05-10-2025,04-05-2025,30.13,05:00,05:49,01:09,01:02,506 High Park Loop-Main Street Stn ,
0,16,10:00,151,9,12,1,1,03-30-2025 : 05-10-2025,04-05-2025,30.13,05:00,05:49,01:09,01:02,506 High Park Loop-Main Street Stn ,
0,23,08:00,175,9,10.3,2,1,03-30-2025 : 05-10-2025,04-05-2025,30.13,05:00,05:49,01:09,01:02,506 High Park Loop-Main Street Stn ,
0,19,09:00,154,17,11.7,3,1,03-30-2025 : 05-10-2025,04-05-2025,30.13,05:00,05:49,01:09,01:02,506 High Park Loop-Main Street Stn ,
0,15,10:00,139,11,13,4,1,03-30-2025 : 05-10-2025,04-05-2025,30.13,05:00,05:49,01:09,01:02,506 High Park Loop-Main Street Stn ,
0,13,10:00,119,11,15.2,0,2,03-30-2025 : 05-10-2025,02-16-2025,30.13,05:04,04:55,01:09,01:02,506 High Park Loop-Main Street Stn ,
0,15,10:00,141,9,12.8,1,2,03-30-2025 : 05-10-2025,02-16-2025,30.13,05:04,04:55,01:09,01:02,506 High Park Loop-Main Street Stn ,
0,17,10:00,157,13,11.5,2,2,03-30-2025 : 05-10-2025,02-16-2025,30.13,05:04,04:55,01:09,01:02,506 High Park Loop-Main Street Stn ,
0,15,10:00,138,12,13.1,3,2,03-30-2025 : 05-10-2025,02-16-2025,30.13,05:04,04:55,01:09,01:02,506 High Park Loop-Main Street Stn ,
0,14,10:00,123,17,14.7,4,2,03-30-2025 : 05-10-2025,02-16-2025,30.13,05:04,04:55,01:09,01:02,506 High Park Loop-Main Street Stn ,
0,16,10:00,150,10,12.1,0,0,02-16-2025 : 03-29-2025,02-18-2025,30.13,04:51,04:40,01:11,01:09,506 High Park Loop-Main Street Stn ,
0,17,10:00,161,9,11.2,1,0,02-16-2025 : 03-29-2025,02-18-2025,30.13,04:51,04:40,01:11,01:09,506 High Park Loop-Main Street Stn ,
0,19,10:00,180,10,10,2,0,02-16-2025 : 03-29-2025,02-18-2025,30.13,04:51,04:40,01:11,01:09,506 High Park Loop-Main Street Stn ,
0,16,10:00,146,14,12.4,3,0,02-16-2025 : 03-29-2025,02-18-2025,30.13,04:51,04:40,01:11,01:09,506 High Park Loop-Main Street Stn ,
0,14,10:00,130,10,13.9,4,0,02-16-2025 : 03-29-2025,02-18-2025,30.13,04:51,04:40,01:11,01:09,506 High Park Loop-Main Street Stn ,
0,13,10:00,119,11,15.2,0,1,02-16-2025 : 03-29-2025,02-22-2025,30.13,05:07,04:52,01:09,01:02,506 High Park Loop-Main Street Stn ,
0,16,10:00,151,9,12,1,1,02-16-2025 : 03-29-2025,02-22-2025,30.13,05:07,04:52,01:09,01:02,506 High Park Loop-Main Street Stn ,
0,19,08:00,173,17,10.4,2,1,02-16-2025 : 03-29-2025,02-22-2025,30.13,05:07,04:52,01:09,01:02,506 High Park Loop-Main Street Stn ,
0,17,09:00,154,16,11.7,3,1,02-16-2025 : 03-29-2025,02-22-2025,30.13,05:07,04:52,01:09,01:02,506 High Park Loop-Main Street Stn ,
0,15,10:00,139,11,13,4,1,02-16-2025 : 03-29-2025,02-22-2025,30.13,05:07,04:52,01:09,01:02,506 High Park Loop-Main Street Stn ,
0,13,10:00,119,11,15.2,0,2,02-16-2025 : 03-29-2025,02-16-2025,30.13,05:04,04:55,01:09,01:02,506 High Park Loop-Main Street Stn ,
0,15,10:00,141,9,12.8,1,2,02-16-2025 : 03-29-2025,02-16-2025,30.13,05:04,04:55,01:09,01:02,506 High Park Loop-Main Street Stn ,
0,17,10:00,157,13,11.5,2,2,02-16-2025 : 03-29-2025,02-16-2025,30.13,05:04,04:55,01:09,01:02,506 High Park Loop-Main Street Stn ,
0,15,10:00,138,12,13.1,3,2,02-16-2025 : 03-29-2025,02-16-2025,30.13,05:04,04:55,01:09,01:02,506 High Park Loop-Main Street Stn ,
0,14,10:00,123,17,14.7,4,2,02-16-2025 : 03-29-2025,02-16-2025,30.13,05:04,04:55,01:09,01:02,506 High Park Loop-Main Street Stn ,
0,16,10:00,150,10,12.1,0,0,01-05-2025 : 02-15-2025,06-24-2024,30.13,04:51,04:40,23:41,00:49,506 High Park Loop-Main Street Stn ,
0,17,10:00,161,9,11.2,1,0,01-05-2025 : 02-15-2025,06-24-2024,30.13,04:51,04:40,23:41,00:49,506 High Park Loop-Main Street Stn ,
0,19,10:00,180,10,10,2,0,01-05-2025 : 02-15-2025,06-24-2024,30.13,04:51,04:40,23:41,00:49,506 High Park Loop-Main Street Stn ,
0,16,10:00,146,14,12.4,3,0,01-05-2025 : 02-15-2025,06-24-2024,30.13,04:51,04:40,23:41,00:49,506 High Park Loop-Main Street Stn ,
0,14,10:00,130,10,13.9,4,0,01-05-2025 : 02-15-2025,06-24-2024,30.13,04:51,04:40,23:41,00:49,506 High Park Loop-Main Street Stn ,
0,13,10:00,119,11,15.2,0,1,01-05-2025 : 02-15-2025,06-29-2024,30.13,05:07,04:52,23:47,01:01,506 High Park Loop-Main Street Stn ,
0,16,10:00,151,9,12,1,1,01-05-2025 : 02-15-2025,06-29-2024,30.13,05:07,04:52,23:47,01:01,506 High Park Loop-Main Street Stn ,
0,19,10:00,173,17,10.4,2,1,01-05-2025 : 02-15-2025,06-29-2024,30.13,05:07,04:52,23:47,01:01,506 High Park Loop-Main Street Stn ,
0,17,10:00,154,16,11.7,3,1,01-05-2025 : 02-15-2025,06-29-2024,30.13,05:07,04:52,23:47,01:01,506 High Park Loop-Main Street Stn ,
0,15,10:00,139,11,13,4,1,01-05-2025 : 02-15-2025,06-29-2024,30.13,05:07,04:52,23:47,01:01,506 High Park Loop-Main Street Stn ,
0,13,10:00,119,11,15.2,0,2,01-05-2025 : 02-15-2025,10-08-2023,30.13,05:04,04:55,23:45,00:18,506 High Park Loop-Main Street Stn ,
0,15,10:00,141,9,12.8,1,2,01-05-2025 : 02-15-2025,10-08-2023,30.13,05:04,04:55,23:45,00:18,506 High Park Loop-Main Street Stn ,
0,17,10:00,157,13,11.5,2,2,01-05-2025 : 02-15-2025,10-08-2023,30.13,05:04,04:55,23:45,00:18,506 High Park Loop-Main Street Stn ,
0,15,10:00,138,12,13.1,3,2,01-05-2025 : 02-15-2025,10-08-2023,30.13,05:04,04:55,23:45,00:18,506 High Park Loop-Main Street Stn ,
0,14,10:00,123,17,14.7,4,2,01-05-2025 : 02-15-2025,10-08-2023,30.13,05:04,04:55,23:45,00:18,506 High Park Loop-Main Street Stn ,
0,16,10:00,150,10,12.1,0,0,11-17-2024 : 01-04-2025,06-24-2024,30.13,04:51,04:40,23:41,00:49,506 High Park Loop-Main Street Stn ,
0,17,10:00,161,9,11.2,1,0,11-17-2024 : 01-04-2025,06-24-2024,30.13,04:51,04:40,23:41,00:49,506 High Park Loop-Main Street Stn ,
0,19,10:00,180,10,10,2,0,11-17-2024 : 01-04-2025,06-24-2024,30.13,04:51,04:40,23:41,00:49,506 High Park Loop-Main Street Stn ,
0,16,10:00,146,14,12.4,3,0,11-17-2024 : 01-04-2025,06-24-2024,30.13,04:51,04:40,23:41,00:49,506 High Park Loop-Main Street Stn ,
0,14,10:00,130,10,13.9,4,0,11-17-2024 : 01-04-2025,06-24-2024,30.13,04:51,04:40,23:41,00:49,506 High Park Loop-Main Street Stn ,
0,13,10:00,119,11,15.2,0,1,11-17-2024 : 01-04-2025,06-29-2024,30.13,05:07,04:52,23:47,01:01,506 High Park Loop-Main Street Stn ,
0,16,10:00,151,9,12,1,1,11-17-2024 : 01-04-2025,06-29-2024,30.13,05:07,04:52,23:47,01:01,506 High Park Loop-Main Street Stn ,
0,19,10:00,173,17,10.4,2,1,11-17-2024 : 01-04-2025,06-29-2024,30.13,05:07,04:52,23:47,01:01,506 High Park Loop-Main Street Stn ,
0,17,10:00,154,16,11.7,3,1,11-17-2024 : 01-04-2025,06-29-2024,30.13,05:07,04:52,23:47,01:01,506 High Park Loop-Main Street Stn ,
0,15,10:00,139,11,13,4,1,11-17-2024 : 01-04-2025,06-29-2024,30.13,05:07,04:52,23:47,01:01,506 High Park Loop-Main Street Stn ,
0,13,10:00,119,11,15.2,0,2,11-17-2024 : 01-04-2025,10-08-2023,30.13,05:04,04:55,23:45,00:18,506 High Park Loop-Main Street Stn ,
0,15,10:00,141,9,12.8,1,2,11-17-2024 : 01-04-2025,10-08-2023,30.13,05:04,04:55,23:45,00:18,506 High Park Loop-Main Street Stn ,
0,17,10:00,157,13,11.5,2,2,11-17-2024 : 01-04-2025,10-08-2023,30.13,05:04,04:55,23:45,00:18,506 High Park Loop-Main Street Stn ,
0,15,10:00,138,12,13.1,3,2,11-17-2024 : 01-04-2025,10-08-2023,30.13,05:04,04:55,23:45,00:18,506 High Park Loop-Main Street Stn ,
0,14,10:00,123,17,14.7,4,2,11-17-2024 : 01-04-2025,10-08-2023,30.13,05:04,04:55,23:45,00:18,506 High Park Loop-Main Street Stn ,
0,16,10:00,150,10,12.1,0,0,10-06-2024 : 11-16-2024,06-24-2024,30.13,04:51,04:40,23:41,00:49,506 High Park Loop-Main Street Stn ,
0,17,10:00,161,9,11.2,1,0,10-06-2024 : 11-16-2024,06-24-2024,30.13,04:51,04:40,23:41,00:49,506 High Park Loop-Main Street Stn ,
0,19,10:00,180,10,10,2,0,10-06-2024 : 11-16-2024,06-24-2024,30.13,04:51,04:40,23:41,00:49,506 High Park Loop-Main Street Stn ,
0,16,10:00,146,14,12.4,3,0,10-06-2024 : 11-16-2024,06-24-2024,30.13,04:51,04:40,23:41,00:49,506 High Park Loop-Main Street Stn ,
0,14,10:00,130,10,13.9,4,0,10-06-2024 : 11-16-2024,06-24-2024,30.13,04:51,04:40,23:41,00:49,506 High Park Loop-Main Street Stn ,
0,13,10:00,119,11,15.2,0,1,10-06-2024 : 11-16-2024,06-29-2024,30.13,05:07,04:52,23:47,01:01,506 High Park Loop-Main Street Stn ,
0,16,10:00,151,9,12,1,1,10-06-2024 : 11-16-2024,06-29-2024,30.13,05:07,04:52,23:47,01:01,506 High Park Loop-Main Street Stn ,
0,19,10:00,173,17,10.4,2,1,10-06-2024 : 11-16-2024,06-29-2024,30.13,05:07,04:52,23:47,01:01,506 High Park Loop-Main Street Stn ,
0,17,10:00,154,16,11.7,3,1,10-06-2024 : 11-16-2024,06-29-2024,30.13,05:07,04:52,23:47,01:01,506 High Park Loop-Main Street Stn ,
0,15,10:00,139,11,13,4,1,10-06-2024 : 11-16-2024,06-29-2024,30.13,05:07,04:52,23:47,01:01,506 High Park Loop-Main Street Stn ,
0,13,10:00,119,11,15.2,0,2,10-06-2024 : 11-16-2024,10-08-2023,30.13,05:04,04:55,23:45,00:18,506 High Park Loop-Main Street Stn ,
0,15,10:00,141,9,12.8,1,2,10-06-2024 : 11-16-2024,10-08-2023,30.13,05:04,04:55,23:45,00:18,506 High Park Loop-Main Street Stn ,
0,17,10:00,157,13,11.5,2,2,10-06-2024 : 11-16-2024,10-08-2023,30.13,05:04,04:55,23:45,00:18,506 High Park Loop-Main Street Stn ,
0,15,10:00,138,12,13.1,3,2,10-06-2024 : 11-16-2024,10-08-2023,30.13,05:04,04:55,23:45,00:18,506 High Park Loop-Main Street Stn ,
0,14,10:00,123,17,14.7,4,2,10-06-2024 : 11-16-2024,10-08-2023,30.13,05:04,04:55,23:45,00:18,506 High Park Loop-Main Street Stn ,
0,16,10:00,150,10,12.1,0,0,09-01-2024 : 10-05-2024,06-24-2024,30.13,04:51,04:40,23:41,00:49,506 High Park Loop-Main Street Stn ,
0,17,10:00,161,9,11.2,1,0,09-01-2024 : 10-05-2024,06-24-2024,30.13,04:51,04:40,23:41,00:49,506 High Park Loop-Main Street Stn ,
0,19,10:00,180,10,10,2,0,09-01-2024 : 10-05-2024,06-24-2024,30.13,04:51,04:40,23:41,00:49,506 High Park Loop-Main Street Stn ,
0,16,10:00,146,14,12.4,3,0,09-01-2024 : 10-05-2024,06-24-2024,30.13,04:51,04:40,23:41,00:49,506 High Park Loop-Main Street Stn ,
0,14,10:00,130,10,13.9,4,0,09-01-2024 : 10-05-2024,06-24-2024,30.13,04:51,04:40,23:41,00:49,506 High Park Loop-Main Street Stn ,
0,13,10:00,119,11,15.2,0,1,09-01-2024 : 10-05-2024,06-29-2024,30.13,05:07,04:52,23:47,01:01,506 High Park Loop-Main Street Stn ,
0,16,10:00,151,9,12,1,1,09-01-2024 : 10-05-2024,06-29-2024,30.13,05:07,04:52,23:47,01:01,506 High Park Loop-Main Street Stn ,
0,19,10:00,173,17,10.4,2,1,09-01-2024 : 10-05-2024,06-29-2024,30.13,05:07,04:52,23:47,01:01,506 High Park Loop-Main Street Stn ,
0,17,10:00,154,16,11.7,3,1,09-01-2024 : 10-05-2024,06-29-2024,30.13,05:07,04:52,23:47,01:01,506 High Park Loop-Main Street Stn ,
0,15,10:00,139,11,13,4,1,09-01-2024 : 10-05-2024,06-29-2024,30.13,05:07,04:52,23:47,01:01,506 High Park Loop-Main Street Stn ,
0,13,10:00,119,11,15.2,0,2,09-01-2024 : 10-05-2024,10-08-2023,30.13,05:04,04:55,23:45,00:18,506 High Park Loop-Main Street Stn ,
0,15,10:00,141,9,12.8,1,2,09-01-2024 : 10-05-2024,10-08-2023,30.13,05:04,04:55,23:45,00:18,506 High Park Loop-Main Street Stn ,
0,17,10:00,157,13,11.5,2,2,09-01-2024 : 10-05-2024,10-08-2023,30.13,05:04,04:55,23:45,00:18,506 High Park Loop-Main Street Stn ,
0,15,10:00,138,12,13.1,3,2,09-01-2024 : 10-05-2024,10-08-2023,30.13,05:04,04:55,23:45,00:18,506 High Park Loop-Main Street Stn ,
0,14,10:00,123,17,14.7,4,2,09-01-2024 : 10-05-2024,10-08-2023,30.13,05:04,04:55,23:45,00:18,506 High Park Loop-Main Street Stn ,
0,16,10:00,150,10,12.1,0,0,07-28-2024 : 08-31-2024,06-24-2024,30.13,04:51,04:40,23:41,00:49,506 High Park Loop-Main Street Stn ,
0,17,10:00,161,9,11.2,1,0,07-28-2024 : 08-31-2024,06-24-2024,30.13,04:51,04:40,23:41,00:49,506 High Park Loop-Main Street Stn ,
0,19,10:00,180,10,10,2,0,07-28-2024 : 08-31-2024,06-24-2024,30.13,04:51,04:40,23:41,00:49,506 High Park Loop-Main Street Stn ,
0,16,10:00,146,14,12.4,3,0,07-28-2024 : 08-31-2024,06-24-2024,30.13,04:51,04:40,23:41,00:49,506 High Park Loop-Main Street Stn ,
0,14,10:00,130,10,13.9,4,0,07-28-2024 : 08-31-2024,06-24-2024,30.13,04:51,04:40,23:41,00:49,506 High Park Loop-Main Street Stn ,
0,13,10:00,119,11,15.2,0,1,07-28-2024 : 08-31-2024,06-29-2024,30.13,05:07,04:52,23:47,01:01,506 High Park Loop-Main Street Stn ,
0,16,10:00,151,9,12,1,1,07-28-2024 : 08-31-2024,06-29-2024,30.13,05:07,04:52,23:47,01:01,506 High Park Loop-Main Street Stn ,
0,19,10:00,173,17,10.4,2,1,07-28-2024 : 08-31-2024,06-29-2024,30.13,05:07,04:52,23:47,01:01,506 High Park Loop-Main Street Stn ,
0,17,10:00,154,16,11.7,3,1,07-28-2024 : 08-31-2024,06-29-2024,30.13,05:07,04:52,23:47,01:01,506 High Park Loop-Main Street Stn ,
0,15,10:00,139,11,13,4,1,07-28-2024 : 08-31-2024,06-29-2024,30.13,05:07,04:52,23:47,01:01,506 High Park Loop-Main Street Stn ,
0,13,10:00,119,11,15.2,0,2,07-28-2024 : 08-31-2024,10-08-2023,30.13,05:04,04:55,23:45,00:18,506 High Park Loop-Main Street Stn ,
0,15,10:00,141,9,12.8,1,2,07-28-2024 : 08-31-2024,10-08-2023,30.13,05:04,04:55,23:45,00:18,506 High Park Loop-Main Street Stn ,
0,17,10:00,157,13,11.5,2,2,07-28-2024 : 08-31-2024,10-08-2023,30.13,05:04,04:55,23:45,00:18,506 High Park Loop-Main Street Stn ,
0,15,10:00,138,12,13.1,3,2,07-28-2024 : 08-31-2024,10-08-2023,30.13,05:04,04:55,23:45,00:18,506 High Park Loop-Main Street Stn ,
0,14,10:00,123,17,14.7,4,2,07-28-2024 : 08-31-2024,10-08-2023,30.13,05:04,04:55,23:45,00:18,506 High Park Loop-Main Street Stn ,
0,16,10:00,150,10,12.1,0,0,06-23-2024 : 07-27-2024,06-24-2024,30.13,04:51,04:40,23:41,00:49,506 High Park Loop-Main Street Stn ,
0,17,10:00,161,9,11.2,1,0,06-23-2024 : 07-27-2024,06-24-2024,30.13,04:51,04:40,23:41,00:49,506 High Park Loop-Main Street Stn ,
0,19,10:00,180,10,10,2,0,06-23-2024 : 07-27-2024,06-24-2024,30.13,04:51,04:40,23:41,00:49,506 High Park Loop-Main Street Stn ,
0,16,10:00,146,14,12.4,3,0,06-23-2024 : 07-27-2024,06-24-2024,30.13,04:51,04:40,23:41,00:49,506 High Park Loop-Main Street Stn ,
0,14,10:00,130,10,13.9,4,0,06-23-2024 : 07-27-2024,06-24-2024,30.13,04:51,04:40,23:41,00:49,506 High Park Loop-Main Street Stn ,
0,13,10:00,119,11,15.2,0,1,06-23-2024 : 07-27-2024,06-29-2024,30.13,05:07,04:52,23:47,01:01,506 High Park Loop-Main Street Stn ,
0,16,10:00,151,9,12,1,1,06-23-2024 : 07-27-2024,06-29-2024,30.13,05:07,04:52,23:47,01:01,506 High Park Loop-Main Street Stn ,
0,19,10:00,173,17,10.4,2,1,06-23-2024 : 07-27-2024,06-29-2024,30.13,05:07,04:52,23:47,01:01,506 High Park Loop-Main Street Stn ,
0,17,10:00,154,16,11.7,3,1,06-23-2024 : 07-27-2024,06-29-2024,30.13,05:07,04:52,23:47,01:01,506 High Park Loop-Main Street Stn ,
0,15,10:00,139,11,13,4,1,06-23-2024 : 07-27-2024,06-29-2024,30.13,05:07,04:52,23:47,01:01,506 High Park Loop-Main Street Stn ,
0,13,10:00,119,11,15.2,0,2,06-23-2024 : 07-27-2024,10-08-2023,30.13,05:04,04:55,23:45,00:18,506 High Park Loop-Main Street Stn ,
0,15,10:00,141,9,12.8,1,2,06-23-2024 : 07-27-2024,10-08-2023,30.13,05:04,04:55,23:45,00:18,506 High Park Loop-Main Street Stn ,
0,17,10:00,157,13,11.5,2,2,06-23-2024 : 07-27-2024,10-08-2023,30.13,05:04,04:55,23:45,00:18,506 High Park Loop-Main Street Stn ,
0,15,10:00,138,12,13.1,3,2,06-23-2024 : 07-27-2024,10-08-2023,30.13,05:04,04:55,23:45,00:18,506 High Park Loop-Main Street Stn ,
0,14,10:00,123,17,14.7,4,2,06-23-2024 : 07-27-2024,10-08-2023,30.13,05:04,04:55,23:45,00:18,506 High Park Loop-Main Street Stn ,
0,16,10:00,150,10,12.1,0,0,05-12-2024 : 06-22-2024,11-20-2023,30.13,04:51,04:40,23:41,00:49,506 High Park Loop-Main Street Stn ,
0,19,10:00,161,10,11.2,1,0,05-12-2024 : 06-22-2024,11-20-2023,30.13,04:51,04:40,23:41,00:49,506 High Park Loop-Main Street Stn ,
0,19,10:00,180,10,10,2,0,05-12-2024 : 06-22-2024,11-20-2023,30.13,04:51,04:40,23:41,00:49,506 High Park Loop-Main Street Stn ,
0,16,10:00,146,14,12.4,3,0,05-12-2024 : 06-22-2024,11-20-2023,30.13,04:51,04:40,23:41,00:49,506 High Park Loop-Main Street Stn ,
0,14,10:00,130,10,13.9,4,0,05-12-2024 : 06-22-2024,11-20-2023,30.13,04:51,04:40,23:41,00:49,506 High Park Loop-Main Street Stn ,
0,13,10:00,119,11,15.2,0,1,05-12-2024 : 06-22-2024,11-25-2023,30.13,05:07,04:52,23:47,01:01,506 High Park Loop-Main Street Stn ,
0,16,10:00,151,9,12,1,1,05-12-2024 : 06-22-2024,11-25-2023,30.13,05:07,04:52,23:47,01:01,506 High Park Loop-Main Street Stn ,
0,20,09:00,173,7,10.4,2,1,05-12-2024 : 06-22-2024,11-25-2023,30.13,05:07,04:52,23:47,01:01,506 High Park Loop-Main Street Stn ,
0,17,10:00,154,16,11.7,3,1,05-12-2024 : 06-22-2024,11-25-2023,30.13,05:07,04:52,23:47,01:01,506 High Park Loop-Main Street Stn ,
0,15,10:00,139,11,13,4,1,05-12-2024 : 06-22-2024,11-25-2023,30.13,05:07,04:52,23:47,01:01,506 High Park Loop-Main Street Stn ,
0,13,10:00,119,11,15.2,0,2,05-12-2024 : 06-22-2024,10-08-2023,30.13,05:04,04:55,23:45,00:18,506 High Park Loop-Main Street Stn ,
0,15,10:00,141,9,12.8,1,2,05-12-2024 : 06-22-2024,10-08-2023,30.13,05:04,04:55,23:45,00:18,506 High Park Loop-Main Street Stn ,
0,17,10:00,157,13,11.5,2,2,05-12-2024 : 06-22-2024,10-08-2023,30.13,05:04,04:55,23:45,00:18,506 High Park Loop-Main Street Stn ,
0,15,10:00,138,12,13.1,3,2,05-12-2024 : 06-22-2024,10-08-2023,30.13,05:04,04:55,23:45,00:18,506 High Park Loop-Main Street Stn ,
0,14,10:00,123,17,14.7,4,2,05-12-2024 : 06-22-2024,10-08-2023,30.13,05:04,04:55,23:45,00:18,506 High Park Loop-Main Street Stn ,
0,16,10:00,150,10,12.1,0,0,03-31-2024 : 05-11-2024,11-20-2023,30.13,04:51,04:40,23:41,00:49,506 High Park Loop-Main Street Stn ,
0,19,09:00,161,10,11.2,1,0,03-31-2024 : 05-11-2024,11-20-2023,30.13,04:51,04:40,23:41,00:49,506 High Park Loop-Main Street Stn ,
0,19,10:00,180,10,10,2,0,03-31-2024 : 05-11-2024,11-20-2023,30.13,04:51,04:40,23:41,00:49,506 High Park Loop-Main Street Stn ,
0,16,10:00,146,14,12.4,3,0,03-31-2024 : 05-11-2024,11-20-2023,30.13,04:51,04:40,23:41,00:49,506 High Park Loop-Main Street Stn ,
0,14,10:00,130,10,13.9,4,0,03-31-2024 : 05-11-2024,11-20-2023,30.13,04:51,04:40,23:41,00:49,506 High Park Loop-Main Street Stn ,
0,13,10:00,119,11,15.2,0,1,03-31-2024 : 05-11-2024,11-25-2023,30.13,05:07,04:52,23:47,01:01,506 High Park Loop-Main Street Stn ,
0,16,10:00,151,9,12,1,1,03-31-2024 : 05-11-2024,11-25-2023,30.13,05:07,04:52,23:47,01:01,506 High Park Loop-Main Street Stn ,
0,20,09:00,173,7,10.4,2,1,03-31-2024 : 05-11-2024,11-25-2023,30.13,05:07,04:52,23:47,01:01,506 High Park Loop-Main Street Stn ,
0,17,10:00,154,16,11.7,3,1,03-31-2024 : 05-11-2024,11-25-2023,30.13,05:07,04:52,23:47,01:01,506 High Park Loop-Main Street Stn ,
0,15,10:00,139,11,13,4,1,03-31-2024 : 05-11-2024,11-25-2023,30.13,05:07,04:52,23:47,01:01,506 High Park Loop-Main Street Stn ,
0,13,10:00,119,11,15.2,0,2,03-31-2024 : 05-11-2024,10-08-2023,30.13,05:04,04:55,23:45,00:18,506 High Park Loop-Main Street Stn ,
0,15,10:00,141,9,12.8,1,2,03-31-2024 : 05-11-2024,10-08-2023,30.13,05:04,04:55,23:45,00:18,506 High Park Loop-Main Street Stn ,
0,17,10:00,157,13,11.5,2,2,03-31-2024 : 05-11-2024,10-08-2023,30.13,05:04,04:55,23:45,00:18,506 High Park Loop-Main Street Stn ,
0,15,10:00,138,12,13.1,3,2,03-31-2024 : 05-11-2024,10-08-2023,30.13,05:04,04:55,23:45,00:18,506 High Park Loop-Main Street Stn ,
0,14,10:00,123,17,14.7,4,2,03-31-2024 : 05-11-2024,10-08-2023,30.13,05:04,04:55,23:45,00:18,506 High Park Loop-Main Street Stn ,
0,16,10:00,150,10,12.1,0,0,02-18-2024 : 03-30-2024,11-20-2023,30.13,04:51,04:40,23:41,00:49,506 High Park Loop-Main Street Stn ,
0,19,09:00,161,10,11.2,1,0,02-18-2024 : 03-30-2024,11-20-2023,30.13,04:51,04:40,23:41,00:49,506 High Park Loop-Main Street Stn ,
0,19,10:00,180,10,10,2,0,02-18-2024 : 03-30-2024,11-20-2023,30.13,04:51,04:40,23:41,00:49,506 High Park Loop-Main Street Stn ,
0,16,10:00,146,14,12.4,3,0,02-18-2024 : 03-30-2024,11-20-2023,30.13,04:51,04:40,23:41,00:49,506 High Park Loop-Main Street Stn ,
0,14,10:00,130,10,13.9,4,0,02-18-2024 : 03-30-2024,11-20-2023,30.13,04:51,04:40,23:41,00:49,506 High Park Loop-Main Street Stn ,
0,13,10:00,119,11,15.2,0,1,02-18-2024 : 03-30-2024,11-25-2023,30.13,05:07,04:52,23:47,01:01,506 High Park Loop-Main Street Stn ,
0,16,10:00,151,9,12,1,1,02-18-2024 : 03-30-2024,11-25-2023,30.13,05:07,04:52,23:47,01:01,506 High Park Loop-Main Street Stn ,
0,20,09:00,173,7,10.4,2,1,02-18-2024 : 03-30-2024,11-25-2023,30.13,05:07,04:52,23:47,01:01,506 High Park Loop-Main Street Stn ,
0,17,10:00,154,16,11.7,3,1,02-18-2024 : 03-30-2024,11-25-2023,30.13,05:07,04:52,23:47,01:01,506 High Park Loop-Main Street Stn ,
0,15,10:00,139,11,13,4,1,02-18-2024 : 03-30-2024,11-25-2023,30.13,05:07,04:52,23:47,01:01,506 High Park Loop-Main Street Stn ,
0,13,10:00,119,11,15.2,0,2,02-18-2024 : 03-30-2024,10-08-2023,30.13,05:04,04:55,23:45,00:18,506 High Park Loop-Main Street Stn ,
0,15,10:00,141,9,12.8,1,2,02-18-2024 : 03-30-2024,10-08-2023,30.13,05:04,04:55,23:45,00:18,506 High Park Loop-Main Street Stn ,
0,17,10:00,157,13,11.5,2,2,02-18-2024 : 03-30-2024,10-08-2023,30.13,05:04,04:55,23:45,00:18,506 High Park Loop-Main Street Stn ,
0,15,10:00,138,12,13.1,3,2,02-18-2024 : 03-30-2024,10-08-2023,30.13,05:04,04:55,23:45,00:18,506 High Park Loop-Main Street Stn ,
0,14,10:00,123,17,14.7,4,2,02-18-2024 : 03-30-2024,10-08-2023,30.13,05:04,04:55,23:45,00:18,506 High Park Loop-Main Street Stn ,
0,16,10:00,150,10,12.1,0,0,01-07-2024 : 02-17-2024,11-20-2023,30.13,05:00,04:00,01:46,00:56,506 High Park Loop-Main Street Stn ,
0,19,09:00,161,10,11.2,1,0,01-07-2024 : 02-17-2024,11-20-2023,30.13,05:00,04:00,01:46,00:56,506 High Park Loop-Main Street Stn ,
0,19,10:00,180,10,10,2,0,01-07-2024 : 02-17-2024,11-20-2023,30.13,05:00,04:00,01:46,00:56,506 High Park Loop-Main Street Stn ,
0,16,10:00,146,14,12.4,3,0,01-07-2024 : 02-17-2024,11-20-2023,30.13,05:00,04:00,01:46,00:56,506 High Park Loop-Main Street Stn ,
0,14,10:00,130,10,13.9,4,0,01-07-2024 : 02-17-2024,11-20-2023,30.13,05:00,04:00,01:46,00:56,506 High Park Loop-Main Street Stn ,
0,13,10:00,119,11,15.2,0,1,01-07-2024 : 02-17-2024,11-25-2023,30.13,04:54,05:21,12:51,01:11,506 High Park Loop-Main Street Stn ,
0,16,10:00,151,9,12,1,1,01-07-2024 : 02-17-2024,11-25-2023,30.13,04:54,05:21,12:51,01:11,506 High Park Loop-Main Street Stn ,
0,20,09:00,173,7,10.4,2,1,01-07-2024 : 02-17-2024,11-25-2023,30.13,04:54,05:21,12:51,01:11,506 High Park Loop-Main Street Stn ,
0,17,10:00,154,16,11.7,3,1,01-07-2024 : 02-17-2024,11-25-2023,30.13,04:54,05:21,12:51,01:11,506 High Park Loop-Main Street Stn ,
0,15,10:00,139,11,13,4,1,01-07-2024 : 02-17-2024,11-25-2023,30.13,04:54,05:21,12:51,01:11,506 High Park Loop-Main Street Stn ,
0,13,10:00,119,11,15.2,0,2,01-07-2024 : 02-17-2024,10-08-2023,30.13,05:01,05:27,01:10,01:53,506 High Park Loop-Main Street Stn ,
0,15,10:00,141,9,12.8,1,2,01-07-2024 : 02-17-2024,10-08-2023,30.13,05:01,05:27,01:10,01:53,506 High Park Loop-Main Street Stn ,
0,17,10:00,157,13,11.5,2,2,01-07-2024 : 02-17-2024,10-08-2023,30.13,05:01,05:27,01:10,01:53,506 High Park Loop-Main Street Stn ,
0,15,10:00,138,12,13.1,3,2,01-07-2024 : 02-17-2024,10-08-2023,30.13,05:01,05:27,01:10,01:53,506 High Park Loop-Main Street Stn ,
0,14,10:00,123,17,14.7,4,2,01-07-2024 : 02-17-2024,10-08-2023,30.13,05:01,05:27,01:10,01:53,506 High Park Loop-Main Street Stn ,
0,16,10:00,150,10,12.1,0,0,11-19-2023 : 12-23-2023,11-20-2023,30.13,05:00,04:00,01:46,00:56,506 High Park Loop-Main Street Stn ,
0,19,09:00,161,10,11.2,1,0,11-19-2023 : 12-23-2023,11-20-2023,30.13,05:00,04:00,01:46,00:56,506 High Park Loop-Main Street Stn ,
0,19,10:00,180,10,10,2,0,11-19-2023 : 12-23-2023,11-20-2023,30.13,05:00,04:00,01:46,00:56,506 High Park Loop-Main Street Stn ,
0,16,10:00,146,14,12.4,3,0,11-19-2023 : 12-23-2023,11-20-2023,30.13,05:00,04:00,01:46,00:56,506 High Park Loop-Main Street Stn ,
0,14,10:00,130,10,13.9,4,0,11-19-2023 : 12-23-2023,11-20-2023,30.13,05:00,04:00,01:46,00:56,506 High Park Loop-Main Street Stn ,
0,13,10:00,119,11,15.2,0,1,11-19-2023 : 12-23-2023,11-25-2023,30.13,05:15,04:33,01:42,00:50,506 High Park Loop-Main Street Stn ,
0,16,10:00,151,9,12,1,1,11-19-2023 : 12-23-2023,11-25-2023,30.13,05:15,04:33,01:42,00:50,506 High Park Loop-Main Street Stn ,
0,20,09:00,173,7,10.4,2,1,11-19-2023 : 12-23-2023,11-25-2023,30.13,05:15,04:33,01:42,00:50,506 High Park Loop-Main Street Stn ,
0,17,10:00,154,16,11.7,3,1,11-19-2023 : 12-23-2023,11-25-2023,30.13,05:15,04:33,01:42,00:50,506 High Park Loop-Main Street Stn ,
0,15,10:00,139,11,13,4,1,11-19-2023 : 12-23-2023,11-25-2023,30.13,05:15,04:33,01:42,00:50,506 High Park Loop-Main Street Stn ,
0,13,10:00,119,11,15.2,0,2,11-19-2023 : 12-23-2023,10-08-2023,30.13,05:25,04:42,01:28,00:41,506 High Park Loop-Main Street Stn ,
0,15,10:00,141,9,12.8,1,2,11-19-2023 : 12-23-2023,10-08-2023,30.13,05:25,04:42,01:28,00:41,506 High Park Loop-Main Street Stn ,
0,17,10:00,157,13,11.5,2,2,11-19-2023 : 12-23-2023,10-08-2023,30.13,05:25,04:42,01:28,00:41,506 High Park Loop-Main Street Stn ,
0,15,10:00,138,12,13.1,3,2,11-19-2023 : 12-23-2023,10-08-2023,30.13,05:25,04:42,01:28,00:41,506 High Park Loop-Main Street Stn ,
0,14,10:00,123,17,14.7,4,2,11-19-2023 : 12-23-2023,10-08-2023,30.13,05:25,04:42,01:28,00:41,506 High Park Loop-Main Street Stn ,
0,16,10:00,150,10,12.1,0,0,10-08-2023 : 11-18-2023,10-09-2023,30.13,05:00,04:00,01:46,00:56,506 High Park Loop-Main Street Stn ,
0,17,10:00,161,9,11.2,1,0,10-08-2023 : 11-18-2023,10-09-2023,30.13,05:00,04:00,01:46,00:56,506 High Park Loop-Main Street Stn ,
0,19,10:00,180,10,10,2,0,10-08-2023 : 11-18-2023,10-09-2023,30.13,05:00,04:00,01:46,00:56,506 High Park Loop-Main Street Stn ,
0,16,10:00,146,14,12.4,3,0,10-08-2023 : 11-18-2023,10-09-2023,30.13,05:00,04:00,01:46,00:56,506 High Park Loop-Main Street Stn ,
0,14,10:00,130,10,13.9,4,0,10-08-2023 : 11-18-2023,10-09-2023,30.13,05:00,04:00,01:46,00:56,506 High Park Loop-Main Street Stn ,
0,13,10:00,119,11,15.2,0,1,10-08-2023 : 11-18-2023,10-14-2023,30.13,05:15,04:33,01:42,00:50,506 High Park Loop-Main Street Stn ,
0,16,10:00,151,9,12,1,1,10-08-2023 : 11-18-2023,10-14-2023,30.13,05:15,04:33,01:42,00:50,506 High Park Loop-Main Street Stn ,
0,19,10:00,173,17,10.4,2,1,10-08-2023 : 11-18-2023,10-14-2023,30.13,05:15,04:33,01:42,00:50,506 High Park Loop-Main Street Stn ,
0,17,10:00,154,16,11.7,3,1,10-08-2023 : 11-18-2023,10-14-2023,30.13,05:15,04:33,01:42,00:50,506 High Park Loop-Main Street Stn ,
0,15,10:00,139,11,13,4,1,10-08-2023 : 11-18-2023,10-14-2023,30.13,05:15,04:33,01:42,00:50,506 High Park Loop-Main Street Stn ,
0,13,10:00,119,11,15.2,0,2,10-08-2023 : 11-18-2023,10-08-2023,30.13,05:25,04:42,01:28,00:41,506 High Park Loop-Main Street Stn ,
0,15,10:00,141,9,12.8,1,2,10-08-2023 : 11-18-2023,10-08-2023,30.13,05:25,04:42,01:28,00:41,506 High Park Loop-Main Street Stn ,
0,17,10:00,157,13,11.5,2,2,10-08-2023 : 11-18-2023,10-08-2023,30.13,05:25,04:42,01:28,00:41,506 High Park Loop-Main Street Stn ,
0,15,10:00,138,12,13.1,3,2,10-08-2023 : 11-18-2023,10-08-2023,30.13,05:25,04:42,01:28,00:41,506 High Park Loop-Main Street Stn ,
0,14,10:00,123,17,14.7,4,2,10-08-2023 : 11-18-2023,10-08-2023,30.13,05:25,04:42,01:28,00:41,506 High Park Loop-Main Street Stn ,
0,16,10:00,150,10,10.5,0,0,09-03-2023 : 10-07-2023,09-05-2023,26.3,05:00,04:00,01:46,00:56,506 Dundas West Stn-Main Street Stn ,Temporary diversion to Dundas West Station due to City construction between Roncesvalles Avenue and Dundas Street West. No streetcar service east of Broadview.
0,17,10:00,161,9,9.8,1,0,09-03-2023 : 10-07-2023,09-05-2023,26.3,05:00,04:00,01:46,00:56,506 Dundas West Stn-Main Street Stn ,Temporary diversion to Dundas West Station due to City construction between Roncesvalles Avenue and Dundas Street West. No streetcar service east of Broadview.
0,19,10:00,180,10,8.8,2,0,09-03-2023 : 10-07-2023,09-05-2023,26.3,05:00,04:00,01:46,00:56,506 Dundas West Stn-Main Street Stn ,Temporary diversion to Dundas West Station due to City construction between Roncesvalles Avenue and Dundas Street West. No streetcar service east of Broadview.
0,16,10:00,146,14,10.8,3,0,09-03-2023 : 10-07-2023,09-05-2023,26.3,05:00,04:00,01:46,00:56,506 Dundas West Stn-Main Street Stn ,Temporary diversion to Dundas West Station due to City construction between Roncesvalles Avenue and Dundas Street West. No streetcar service east of Broadview.
0,14,10:00,130,10,12.1,4,0,09-03-2023 : 10-07-2023,09-05-2023,26.3,05:00,04:00,01:46,00:56,506 Dundas West Stn-Main Street Stn ,Temporary diversion to Dundas West Station due to City construction between Roncesvalles Avenue and Dundas Street West. No streetcar service east of Broadview.
0,13,10:00,119,11,13.3,0,1,09-03-2023 : 10-07-2023,09-09-2023,26.3,05:15,04:33,01:42,00:50,506 Dundas West Stn-Main Street Stn ,Temporary diversion to Dundas West Station due to City construction between Roncesvalles Avenue and Dundas Street West. No streetcar service east of Broadview.
0,16,10:00,151,9,10.5,1,1,09-03-2023 : 10-07-2023,09-09-2023,26.3,05:15,04:33,01:42,00:50,506 Dundas West Stn-Main Street Stn ,Temporary diversion to Dundas West Station due to City construction between Roncesvalles Avenue and Dundas Street West. No streetcar service east of Broadview.
0,19,10:00,173,17,9.1,2,1,09-03-2023 : 10-07-2023,09-09-2023,26.3,05:15,04:33,01:42,00:50,506 Dundas West Stn-Main Street Stn ,Temporary diversion to Dundas West Station due to City construction between Roncesvalles Avenue and Dundas Street West. No streetcar service east of Broadview.
0,17,10:00,154,16,10.2,3,1,09-03-2023 : 10-07-2023,09-09-2023,26.3,05:15,04:33,01:42,00:50,506 Dundas West Stn-Main Street Stn ,Temporary diversion to Dundas West Station due to City construction between Roncesvalles Avenue and Dundas Street West. No streetcar service east of Broadview.
0,15,10:00,139,11,11.4,4,1,09-03-2023 : 10-07-2023,09-09-2023,26.3,05:15,04:33,01:42,00:50,506 Dundas West Stn-Main Street Stn ,Temporary diversion to Dundas West Station due to City construction between Roncesvalles Avenue and Dundas Street West. No streetcar service east of Broadview.
0,13,10:00,119,11,13.3,0,2,09-03-2023 : 10-07-2023,09-03-2023,26.3,05:25,04:42,01:28,00:41,506 Dundas West Stn-Main Street Stn ,Temporary diversion to Dundas West Station due to City construction between Roncesvalles Avenue and Dundas Street West. No streetcar service east of Broadview.
0,15,10:00,141,9,11.2,1,2,09-03-2023 : 10-07-2023,09-03-2023,26.3,05:25,04:42,01:28,00:41,506 Dundas West Stn-Main Street Stn ,Temporary diversion to Dundas West Station due to City construction between Roncesvalles Avenue and Dundas Street West. No streetcar service east of Broadview.
0,17,10:00,157,13,10.1,2,2,09-03-2023 : 10-07-2023,09-03-2023,26.3,05:25,04:42,01:28,00:41,506 Dundas West Stn-Main Street Stn ,Temporary diversion to Dundas West Station due to City construction between Roncesvalles Avenue and Dundas Street West. No streetcar service east of Broadview.
0,15,10:00,138,12,11.4,3,2,09-03-2023 : 10-07-2023,09-03-2023,26.3,05:25,04:42,01:28,00:41,506 Dundas West Stn-Main Street Stn ,Temporary diversion to Dundas West Station due to City construction between Roncesvalles Avenue and Dundas Street West. No streetcar service east of Broadview.
0,14,10:00,123,17,12.8,4,2,09-03-2023 : 10-07-2023,09-03-2023,26.3,05:25,04:42,01:28,00:41,506 Dundas West Stn-Main Street Stn ,Temporary diversion to Dundas West Station due to City construction between Roncesvalles Avenue and Dundas Street West. No streetcar service east of Broadview.
0,16,10:00,145,15,10.9,0,0,07-30-2023 : 09-02-2023,07-31-2023,26.3,05:00,04:00,01:46,00:56,506 Dundas West Stn-Kingston Rd/Queen via Coxwell,Temporary partial bus replacement due to City/TTC construction at Main Street Station. No streetcar service east of Broadview.
0,17,10:00,158,12,10,1,0,07-30-2023 : 09-02-2023,07-31-2023,26.3,05:00,04:00,01:46,00:56,506 Dundas West Stn-Kingston Rd/Queen via Coxwell,Temporary partial bus replacement due to City/TTC construction at Main Street Station. No streetcar service east of Broadview.
0,19,10:00,175,15,9,2,0,07-30-2023 : 09-02-2023,07-31-2023,26.3,05:00,04:00,01:46,00:56,506 Dundas West Stn-Kingston Rd/Queen via Coxwell,Temporary partial bus replacement due to City/TTC construction at Main Street Station. No streetcar service east of Broadview.
0,16,10:00,142,18,11.1,3,0,07-30-2023 : 09-02-2023,07-31-2023,26.3,05:00,04:00,01:46,00:56,506 Dundas West Stn-Kingston Rd/Queen via Coxwell,Temporary partial bus replacement due to City/TTC construction at Main Street Station. No streetcar service east of Broadview.
0,14,10:00,129,11,12.2,4,0,07-30-2023 : 09-02-2023,07-31-2023,26.3,05:00,04:00,01:46,00:56,506 Dundas West Stn-Kingston Rd/Queen via Coxwell,Temporary partial bus replacement due to City/TTC construction at Main Street Station. No streetcar service east of Broadview.
0,13,10:00,118,12,13.4,0,1,07-30-2023 : 09-02-2023,08-05-2023,26.3,05:15,04:33,01:42,00:50,506 Dundas West Stn-Kingston Rd/Queen via Coxwell,Temporary partial bus replacement due to City/TTC construction at Main Street Station. No streetcar service east of Broadview.
0,16,10:00,149,11,10.6,1,1,07-30-2023 : 09-02-2023,08-05-2023,26.3,05:15,04:33,01:42,00:50,506 Dundas West Stn-Kingston Rd/Queen via Coxwell,Temporary partial bus replacement due to City/TTC construction at Main Street Station. No streetcar service east of Broadview.
0,19,10:00,171,19,9.2,2,1,07-30-2023 : 09-02-2023,08-05-2023,26.3,05:15,04:33,01:42,00:50,506 Dundas West Stn-Kingston Rd/Queen via Coxwell,Temporary partial bus replacement due to City/TTC construction at Main Street Station. No streetcar service east of Broadview.
0,17,10:00,152,18,10.4,3,1,07-30-2023 : 09-02-2023,08-05-2023,26.3,05:15,04:33,01:42,00:50,506 Dundas West Stn-Kingston Rd/Queen via Coxwell,Temporary partial bus replacement due to City/TTC construction at Main Street Station. No streetcar service east of Broadview.
0,15,10:00,138,12,11.4,4,1,07-30-2023 : 09-02-2023,08-05-2023,26.3,05:15,04:33,01:42,00:50,506 Dundas West Stn-Kingston Rd/Queen via Coxwell,Temporary partial bus replacement due to City/TTC construction at Main Street Station. No streetcar service east of Broadview.
0,13,10:00,118,12,13.4,0,2,07-30-2023 : 09-02-2023,07-30-2023,26.3,05:25,04:42,01:28,00:41,506 Dundas West Stn-Kingston Rd/Queen via Coxwell,Temporary partial bus replacement due to City/TTC construction at Main Street Station. No streetcar service east of Broadview.
0,15,10:00,139,11,11.4,1,2,07-30-2023 : 09-02-2023,07-30-2023,26.3,05:25,04:42,01:28,00:41,506 Dundas West Stn-Kingston Rd/Queen via Coxwell,Temporary partial bus replacement due to City/TTC construction at Main Street Station. No streetcar service east of Broadview.
0,17,10:00,157,13,10.1,2,2,07-30-2023 : 09-02-2023,07-30-2023,26.3,05:25,04:42,01:28,00:41,506 Dundas West Stn-Kingston Rd/Queen via Coxwell,Temporary partial bus replacement due to City/TTC construction at Main Street Station. No streetcar service east of Broadview.
0,15,10:00,136,14,11.6,3,2,07-30-2023 : 09-02-2023,07-30-2023,26.3,05:25,04:42,01:28,00:41,506 Dundas West Stn-Kingston Rd/Queen via Coxwell,Temporary partial bus replacement due to City/TTC construction at Main Street Station. No streetcar service east of Broadview.
0,14,10:00,122,18,12.9,4,2,07-30-2023 : 09-02-2023,07-30-2023,26.3,05:25,04:42,01:28,00:41,506 Dundas West Stn-Kingston Rd/Queen via Coxwell,Temporary partial bus replacement due to City/TTC construction at Main Street Station. No streetcar service east of Broadview.
1,16,07:00,108,4,10.9,0,0,07-30-2023 : 09-02-2023,,19.6,04:39,05:35,00:18,01:00,506C Castle Frank Stn-Victoria Park Stn ,Temporary partial bus replacement due to City/TTC construction at Main Street Station. No streetcar service east of Broadview.
1,14,08:00,108,4,10.9,1,0,07-30-2023 : 09-02-2023,,19.6,04:39,05:35,00:18,01:00,506C Castle Frank Stn-Victoria Park Stn ,Temporary partial bus replacement due to City/TTC construction at Main Street Station. No streetcar service east of Broadview.
1,18,07:00,122,4,9.6,2,0,07-30-2023 : 09-02-2023,,19.6,04:39,05:35,00:18,01:00,506C Castle Frank Stn-Victoria Park Stn ,Temporary partial bus replacement due to City/TTC construction at Main Street Station. No streetcar service east of Broadview.
1,11,09:00,95,4,12.4,3,0,07-30-2023 : 09-02-2023,,19.6,04:39,05:35,00:18,01:00,506C Castle Frank Stn-Victoria Park Stn ,Temporary partial bus replacement due to City/TTC construction at Main Street Station. No streetcar service east of Broadview.
1,9,10:00,82,8,14.3,4,0,07-30-2023 : 09-02-2023,,19.6,04:39,05:35,00:18,01:00,506C Castle Frank Stn-Victoria Park Stn ,Temporary partial bus replacement due to City/TTC construction at Main Street Station. No streetcar service east of Broadview.
1,9,10:00,82,8,14.3,0,1,07-30-2023 : 09-02-2023,,19.6,04:39,05:25,00:04,12:46,506C Castle Frank Stn-Victoria Park Stn ,Temporary partial bus replacement due to City/TTC construction at Main Street Station. No streetcar service east of Broadview.
1,13,08:00,95,9,12.4,1,1,07-30-2023 : 09-02-2023,,19.6,04:39,05:25,00:04,12:46,506C Castle Frank Stn-Victoria Park Stn ,Temporary partial bus replacement due to City/TTC construction at Main Street Station. No streetcar service east of Broadview.
1,16,07:00,108,4,10.9,2,1,07-30-2023 : 09-02-2023,,19.6,04:39,05:25,00:04,12:46,506C Castle Frank Stn-Victoria Park Stn ,Temporary partial bus replacement due to City/TTC construction at Main Street Station. No streetcar service east of Broadview.
1,11,09:00,95,4,12.4,3,1,07-30-2023 : 09-02-2023,,19.6,04:39,05:25,00:04,12:46,506C Castle Frank Stn-Victoria Park Stn ,Temporary partial bus replacement due to City/TTC construction at Main Street Station. No streetcar service east of Broadview.
1,9,10:00,82,8,14.3,4,1,07-30-2023 : 09-02-2023,,19.6,04:39,05:25,00:04,12:46,506C Castle Frank Stn-Victoria Park Stn ,Temporary partial bus replacement due to City/TTC construction at Main Street Station. No streetcar service east of Broadview.
1,9,10:00,82,8,14.3,0,2,07-30-2023 : 09-02-2023,,19.6,04:40,05:25,00:04,12:46,506C Castle Frank Stn-Victoria Park Stn ,Temporary partial bus replacement due to City/TTC construction at Main Street Station. No streetcar service east of Broadview.
1,11,09:00,95,4,12.4,1,2,07-30-2023 : 09-02-2023,,19.6,04:40,05:25,00:04,12:46,506C Castle Frank Stn-Victoria Park Stn ,Temporary partial bus replacement due to City/TTC construction at Main Street Station. No streetcar service east of Broadview.
1,14,08:00,104,8,11.3,2,2,07-30-2023 : 09-02-2023,,19.6,04:40,05:25,00:04,12:46,506C Castle Frank Stn-Victoria Park Stn ,Temporary partial bus replacement due to City/TTC construction at Main Street Station. No streetcar service east of Broadview.
1,11,09:00,95,4,12.4,3,2,07-30-2023 : 09-02-2023,,19.6,04:40,05:25,00:04,12:46,506C Castle Frank Stn-Victoria Park Stn ,Temporary partial bus replacement due to City/TTC construction at Main Street Station. No streetcar service east of Broadview.
1,9,10:00,82,8,14.3,4,2,07-30-2023 : 09-02-2023,,19.6,04:40,05:25,00:04,12:46,506C Castle Frank Stn-Victoria Park Stn ,Temporary partial bus replacement due to City/TTC construction at Main Street Station. No streetcar service east of Broadview.
0,14,10:00,123,17,13,0,0,06-18-2023 : 07-29-2023,06-19-2023,26.61,05:00,04:00,01:46,00:56,506 High Park-Kingston Rd & Queen Street East via Broadview Ave and Queen Street East,"Temporary partial bus replacement due to City/TTC construction at Gerrard/Coxwell, and TTC construction at Main Street Station. No streetcar service east of Broadview."
0,14,10:00,127,13,12.6,1,0,06-18-2023 : 07-29-2023,06-19-2023,26.61,05:00,04:00,01:46,00:56,506 High Park-Kingston Rd & Queen Street East via Broadview Ave and Queen Street East,"Temporary partial bus replacement due to City/TTC construction at Gerrard/Coxwell, and TTC construction at Main Street Station. No streetcar service east of Broadview."
0,16,10:00,143,17,11.2,2,0,06-18-2023 : 07-29-2023,06-19-2023,26.61,05:00,04:00,01:46,00:56,506 High Park-Kingston Rd & Queen Street East via Broadview Ave and Queen Street East,"Temporary partial bus replacement due to City/TTC construction at Gerrard/Coxwell, and TTC construction at Main Street Station. No streetcar service east of Broadview."
0,12,10:00,111,9,14.4,3,0,06-18-2023 : 07-29-2023,06-19-2023,26.61,05:00,04:00,01:46,00:56,506 High Park-Kingston Rd & Queen Street East via Broadview Ave and Queen Street East,"Temporary partial bus replacement due to City/TTC construction at Gerrard/Coxwell, and TTC construction at Main Street Station. No streetcar service east of Broadview."
0,11,10:00,95,15,16.8,4,0,06-18-2023 : 07-29-2023,06-19-2023,26.61,05:00,04:00,01:46,00:56,506 High Park-Kingston Rd & Queen Street East via Broadview Ave and Queen Street East,"Temporary partial bus replacement due to City/TTC construction at Gerrard/Coxwell, and TTC construction at Main Street Station. No streetcar service east of Broadview."
0,10,10:00,87,13,18.4,0,1,06-18-2023 : 07-29-2023,06-24-2023,26.61,05:15,04:33,01:42,00:50,506 High Park-Kingston Rd & Queen Street East via Broadview Ave and Queen Street East,"Temporary partial bus replacement due to City/TTC construction at Gerrard/Coxwell, and TTC construction at Main Street Station. No streetcar service east of Broadview."
0,13,10:00,112,18,14.3,1,1,06-18-2023 : 07-29-2023,06-24-2023,26.61,05:15,04:33,01:42,00:50,506 High Park-Kingston Rd & Queen Street East via Broadview Ave and Queen Street East,"Temporary partial bus replacement due to City/TTC construction at Gerrard/Coxwell, and TTC construction at Main Street Station. No streetcar service east of Broadview."
0,14,10:00,127,13,12.6,2,1,06-18-2023 : 07-29-2023,06-24-2023,26.61,05:15,04:33,01:42,00:50,506 High Park-Kingston Rd & Queen Street East via Broadview Ave and Queen Street East,"Temporary partial bus replacement due to City/TTC construction at Gerrard/Coxwell, and TTC construction at Main Street Station. No streetcar service east of Broadview."
0,12,10:00,111,9,14.4,3,1,06-18-2023 : 07-29-2023,06-24-2023,26.61,05:15,04:33,01:42,00:50,506 High Park-Kingston Rd & Queen Street East via Broadview Ave and Queen Street East,"Temporary partial bus replacement due to City/TTC construction at Gerrard/Coxwell, and TTC construction at Main Street Station. No streetcar service east of Broadview."
0,12,10:00,103,17,15.5,4,1,06-18-2023 : 07-29-2023,06-24-2023,26.61,05:15,04:33,01:42,00:50,506 High Park-Kingston Rd & Queen Street East via Broadview Ave and Queen Street East,"Temporary partial bus replacement due to City/TTC construction at Gerrard/Coxwell, and TTC construction at Main Street Station. No streetcar service east of Broadview."
0,9,10:00,83,7,19.2,0,2,06-18-2023 : 07-29-2023,06-18-2023,26.61,05:25,04:42,01:28,00:41,506 High Park-Kingston Rd & Queen Street East via Broadview Ave and Queen Street East,"Temporary partial bus replacement due to City/TTC construction at Gerrard/Coxwell, and TTC construction at Main Street Station. No streetcar service east of Broadview."
0,12,10:00,106,14,15.1,1,2,06-18-2023 : 07-29-2023,06-18-2023,26.61,05:25,04:42,01:28,00:41,506 High Park-Kingston Rd & Queen Street East via Broadview Ave and Queen Street East,"Temporary partial bus replacement due to City/TTC construction at Gerrard/Coxwell, and TTC construction at Main Street Station. No streetcar service east of Broadview."
0,13,10:00,121,9,13.2,2,2,06-18-2023 : 07-29-2023,06-18-2023,26.61,05:25,04:42,01:28,00:41,506 High Park-Kingston Rd & Queen Street East via Broadview Ave and Queen Street East,"Temporary partial bus replacement due to City/TTC construction at Gerrard/Coxwell, and TTC construction at Main Street Station. No streetcar service east of Broadview."
0,11,10:00,100,10,16,3,2,06-18-2023 : 07-29-2023,06-18-2023,26.61,05:25,04:42,01:28,00:41,506 High Park-Kingston Rd & Queen Street East via Broadview Ave and Queen Street East,"Temporary partial bus replacement due to City/TTC construction at Gerrard/Coxwell, and TTC construction at Main Street Station. No streetcar service east of Broadview."
0,10,10:00,93,7,17.2,4,2,06-18-2023 : 07-29-2023,06-18-2023,26.61,05:25,04:42,01:28,00:41,506 High Park-Kingston Rd & Queen Street East via Broadview Ave and Queen Street East,"Temporary partial bus replacement due to City/TTC construction at Gerrard/Coxwell, and TTC construction at Main Street Station. No streetcar service east of Broadview."
1,16,07:00,106,6,13.2,0,0,06-18-2023 : 07-29-2023,,23.36,04:39,05:35,00:18,01:00,506C Castle Frank Stn-Victoria Park Stn via Greenwood Stn and Coxwell Stn,"Temporary partial bus replacement due to City/TTC construction at Gerrard/Coxwell, and TTC construction at Main Street Station. No streetcar service east of Broadview."
1,14,08:00,104,8,13.5,1,0,06-18-2023 : 07-29-2023,,23.36,04:39,05:35,00:18,01:00,506C Castle Frank Stn-Victoria Park Stn via Greenwood Stn and Coxwell Stn,"Temporary partial bus replacement due to City/TTC construction at Gerrard/Coxwell, and TTC construction at Main Street Station. No streetcar service east of Broadview."
1,18,07:00,119,7,11.8,2,0,06-18-2023 : 07-29-2023,,23.36,04:39,05:35,00:18,01:00,506C Castle Frank Stn-Victoria Park Stn via Greenwood Stn and Coxwell Stn,"Temporary partial bus replacement due to City/TTC construction at Gerrard/Coxwell, and TTC construction at Main Street Station. No streetcar service east of Broadview."
1,11,09:00,92,7,15.2,3,0,06-18-2023 : 07-29-2023,,23.36,04:39,05:35,00:18,01:00,506C Castle Frank Stn-Victoria Park Stn via Greenwood Stn and Coxwell Stn,"Temporary partial bus replacement due to City/TTC construction at Gerrard/Coxwell, and TTC construction at Main Street Station. No streetcar service east of Broadview."
1,9,10:00,80,10,17.5,4,0,06-18-2023 : 07-29-2023,,23.36,04:39,05:35,00:18,01:00,506C Castle Frank Stn-Victoria Park Stn via Greenwood Stn and Coxwell Stn,"Temporary partial bus replacement due to City/TTC construction at Gerrard/Coxwell, and TTC construction at Main Street Station. No streetcar service east of Broadview."
1,9,10:00,83,7,16.9,0,1,06-18-2023 : 07-29-2023,,23.36,04:39,05:25,00:04,12:46,506C Castle Frank Stn-Victoria Park Stn via Greenwood Stn and Coxwell Stn,"Temporary partial bus replacement due to City/TTC construction at Gerrard/Coxwell, and TTC construction at Main Street Station. No streetcar service east of Broadview."
1,13,08:00,98,6,14.3,1,1,06-18-2023 : 07-29-2023,,23.36,04:39,05:25,00:04,12:46,506C Castle Frank Stn-Victoria Park Stn via Greenwood Stn and Coxwell Stn,"Temporary partial bus replacement due to City/TTC construction at Gerrard/Coxwell, and TTC construction at Main Street Station. No streetcar service east of Broadview."
1,16,07:00,107,5,13.1,2,1,06-18-2023 : 07-29-2023,,23.36,04:39,05:25,00:04,12:46,506C Castle Frank Stn-Victoria Park Stn via Greenwood Stn and Coxwell Stn,"Temporary partial bus replacement due to City/TTC construction at Gerrard/Coxwell, and TTC construction at Main Street Station. No streetcar service east of Broadview."
1,11,09:00,92,7,15.2,3,1,06-18-2023 : 07-29-2023,,23.36,04:39,05:25,00:04,12:46,506C Castle Frank Stn-Victoria Park Stn via Greenwood Stn and Coxwell Stn,"Temporary partial bus replacement due to City/TTC construction at Gerrard/Coxwell, and TTC construction at Main Street Station. No streetcar service east of Broadview."
1,9,10:00,86,4,16.3,4,1,06-18-2023 : 07-29-2023,,23.36,04:39,05:25,00:04,12:46,506C Castle Frank Stn-Victoria Park Stn via Greenwood Stn and Coxwell Stn,"Temporary partial bus replacement due to City/TTC construction at Gerrard/Coxwell, and TTC construction at Main Street Station. No streetcar service east of Broadview."
1,9,10:00,82,8,17.1,0,2,06-18-2023 : 07-29-2023,,23.36,04:40,05:25,00:04,12:46,506C Castle Frank Stn-Victoria Park Stn via Greenwood Stn and Coxwell Stn,"Temporary partial bus replacement due to City/TTC construction at Gerrard/Coxwell, and TTC construction at Main Street Station. No streetcar service east of Broadview."
1,11,09:00,95,4,14.8,1,2,06-18-2023 : 07-29-2023,,23.36,04:40,05:25,00:04,12:46,506C Castle Frank Stn-Victoria Park Stn via Greenwood Stn and Coxwell Stn,"Temporary partial bus replacement due to City/TTC construction at Gerrard/Coxwell, and TTC construction at Main Street Station. No streetcar service east of Broadview."
1,14,08:00,105,7,13.3,2,2,06-18-2023 : 07-29-2023,,23.36,04:40,05:25,00:04,12:46,506C Castle Frank Stn-Victoria Park Stn via Greenwood Stn and Coxwell Stn,"Temporary partial bus replacement due to City/TTC construction at Gerrard/Coxwell, and TTC construction at Main Street Station. No streetcar service east of Broadview."
1,11,09:00,91,8,15.4,3,2,06-18-2023 : 07-29-2023,,23.36,04:40,05:25,00:04,12:46,506C Castle Frank Stn-Victoria Park Stn via Greenwood Stn and Coxwell Stn,"Temporary partial bus replacement due to City/TTC construction at Gerrard/Coxwell, and TTC construction at Main Street Station. No streetcar service east of Broadview."
1,9,10:00,83,7,16.9,4,2,06-18-2023 : 07-29-2023,,23.36,04:40,05:25,00:04,12:46,506C Castle Frank Stn-Victoria Park Stn via Greenwood Stn and Coxwell Stn,"Temporary partial bus replacement due to City/TTC construction at Gerrard/Coxwell, and TTC construction at Main Street Station. No streetcar service east of Broadview."
0,14,10:00,123,17,13,0,0,05-07-2023 : 06-17-2023,05-08-2023,26.58,05:00,04:00,01:46,00:56,506 High Park-Kingston Rd & Queen via Broadview,"Temporary partial bus replacement due to City/TTC construction at Gerrard/Coxwell, and TTC construction at Main Street Station. No streetcar service east of Broadview."
0,14,10:00,127,13,12.6,1,0,05-07-2023 : 06-17-2023,05-08-2023,26.58,05:00,04:00,01:46,00:56,506 High Park-Kingston Rd & Queen via Broadview,"Temporary partial bus replacement due to City/TTC construction at Gerrard/Coxwell, and TTC construction at Main Street Station. No streetcar service east of Broadview."
0,16,10:00,143,17,11.2,2,0,05-07-2023 : 06-17-2023,05-08-2023,26.58,05:00,04:00,01:46,00:56,506 High Park-Kingston Rd & Queen via Broadview,"Temporary partial bus replacement due to City/TTC construction at Gerrard/Coxwell, and TTC construction at Main Street Station. No streetcar service east of Broadview."
0,12,10:00,111,9,14.4,3,0,05-07-2023 : 06-17-2023,05-08-2023,26.58,05:00,04:00,01:46,00:56,506 High Park-Kingston Rd & Queen via Broadview,"Temporary partial bus replacement due to City/TTC construction at Gerrard/Coxwell, and TTC construction at Main Street Station. No streetcar service east of Broadview."
0,11,10:00,95,15,16.8,4,0,05-07-2023 : 06-17-2023,05-08-2023,26.58,05:00,04:00,01:46,00:56,506 High Park-Kingston Rd & Queen via Broadview,"Temporary partial bus replacement due to City/TTC construction at Gerrard/Coxwell, and TTC construction at Main Street Station. No streetcar service east of Broadview."
0,10,10:00,87,13,18.3,0,1,05-07-2023 : 06-17-2023,05-13-2023,26.58,05:15,04:33,01:42,00:50,506 High Park-Kingston Rd & Queen via Broadview,"Temporary partial bus replacement due to City/TTC construction at Gerrard/Coxwell, and TTC construction at Main Street Station. No streetcar service east of Broadview."
0,13,10:00,112,18,14.2,1,1,05-07-2023 : 06-17-2023,05-13-2023,26.58,05:15,04:33,01:42,00:50,506 High Park-Kingston Rd & Queen via Broadview,"Temporary partial bus replacement due to City/TTC construction at Gerrard/Coxwell, and TTC construction at Main Street Station. No streetcar service east of Broadview."
0,14,10:00,127,13,12.6,2,1,05-07-2023 : 06-17-2023,05-13-2023,26.58,05:15,04:33,01:42,00:50,506 High Park-Kingston Rd & Queen via Broadview,"Temporary partial bus replacement due to City/TTC construction at Gerrard/Coxwell, and TTC construction at Main Street Station. No streetcar service east of Broadview."
0,12,10:00,111,9,14.4,3,1,05-07-2023 : 06-17-2023,05-13-2023,26.58,05:15,04:33,01:42,00:50,506 High Park-Kingston Rd & Queen via Broadview,"Temporary partial bus replacement due to City/TTC construction at Gerrard/Coxwell, and TTC construction at Main Street Station. No streetcar service east of Broadview."
0,12,10:00,103,17,15.5,4,1,05-07-2023 : 06-17-2023,05-13-2023,26.58,05:15,04:33,01:42,00:50,506 High Park-Kingston Rd & Queen via Broadview,"Temporary partial bus replacement due to City/TTC construction at Gerrard/Coxwell, and TTC construction at Main Street Station. No streetcar service east of Broadview."
0,9,10:00,83,7,19.2,0,2,05-07-2023 : 06-17-2023,05-07-2023,26.58,05:25,04:42,01:28,00:41,506 High Park-Kingston Rd & Queen via Broadview,"Temporary partial bus replacement due to City/TTC construction at Gerrard/Coxwell, and TTC construction at Main Street Station. No streetcar service east of Broadview."
0,12,10:00,106,14,15,1,2,05-07-2023 : 06-17-2023,05-07-2023,26.58,05:25,04:42,01:28,00:41,506 High Park-Kingston Rd & Queen via Broadview,"Temporary partial bus replacement due to City/TTC construction at Gerrard/Coxwell, and TTC construction at Main Street Station. No streetcar service east of Broadview."
0,13,10:00,121,9,13.2,2,2,05-07-2023 : 06-17-2023,05-07-2023,26.58,05:25,04:42,01:28,00:41,506 High Park-Kingston Rd & Queen via Broadview,"Temporary partial bus replacement due to City/TTC construction at Gerrard/Coxwell, and TTC construction at Main Street Station. No streetcar service east of Broadview."
0,11,10:00,100,10,15.9,3,2,05-07-2023 : 06-17-2023,05-07-2023,26.58,05:25,04:42,01:28,00:41,506 High Park-Kingston Rd & Queen via Broadview,"Temporary partial bus replacement due to City/TTC construction at Gerrard/Coxwell, and TTC construction at Main Street Station. No streetcar service east of Broadview."
0,10,10:00,93,7,17.1,4,2,05-07-2023 : 06-17-2023,05-07-2023,26.58,05:25,04:42,01:28,00:41,506 High Park-Kingston Rd & Queen via Broadview,"Temporary partial bus replacement due to City/TTC construction at Gerrard/Coxwell, and TTC construction at Main Street Station. No streetcar service east of Broadview."
1,16,07:00,108,4,10.9,0,0,05-07-2023 : 06-17-2023,,19.6,04:39,05:35,00:18,01:00,506C Castle Frank Stn-Victoria Park Stn ,"Temporary partial bus replacement due to City/TTC construction at Gerrard/Coxwell, and TTC construction at Main Street Station. No streetcar service east of Broadview."
1,14,08:00,108,4,10.9,1,0,05-07-2023 : 06-17-2023,,19.6,04:39,05:35,00:18,01:00,506C Castle Frank Stn-Victoria Park Stn ,"Temporary partial bus replacement due to City/TTC construction at Gerrard/Coxwell, and TTC construction at Main Street Station. No streetcar service east of Broadview."
1,18,07:00,122,4,9.6,2,0,05-07-2023 : 06-17-2023,,19.6,04:39,05:35,00:18,01:00,506C Castle Frank Stn-Victoria Park Stn ,"Temporary partial bus replacement due to City/TTC construction at Gerrard/Coxwell, and TTC construction at Main Street Station. No streetcar service east of Broadview."
1,11,09:00,95,4,12.4,3,0,05-07-2023 : 06-17-2023,,19.6,04:39,05:35,00:18,01:00,506C Castle Frank Stn-Victoria Park Stn ,"Temporary partial bus replacement due to City/TTC construction at Gerrard/Coxwell, and TTC construction at Main Street Station. No streetcar service east of Broadview."
1,9,10:00,82,8,14.3,4,0,05-07-2023 : 06-17-2023,,19.6,04:39,05:35,00:18,01:00,506C Castle Frank Stn-Victoria Park Stn ,"Temporary partial bus replacement due to City/TTC construction at Gerrard/Coxwell, and TTC construction at Main Street Station. No streetcar service east of Broadview."
1,9,10:00,82,8,14.3,0,1,05-07-2023 : 06-17-2023,,19.6,04:39,05:25,00:04,12:46,506C Castle Frank Stn-Victoria Park Stn ,"Temporary partial bus replacement due to City/TTC construction at Gerrard/Coxwell, and TTC construction at Main Street Station. No streetcar service east of Broadview."
1,13,08:00,95,9,12.4,1,1,05-07-2023 : 06-17-2023,,19.6,04:39,05:25,00:04,12:46,506C Castle Frank Stn-Victoria Park Stn ,"Temporary partial bus replacement due to City/TTC construction at Gerrard/Coxwell, and TTC construction at Main Street Station. No streetcar service east of Broadview."
1,16,07:00,108,4,10.9,2,1,05-07-2023 : 06-17-2023,,19.6,04:39,05:25,00:04,12:46,506C Castle Frank Stn-Victoria Park Stn ,"Temporary partial bus replacement due to City/TTC construction at Gerrard/Coxwell, and TTC construction at Main Street Station. No streetcar service east of Broadview."
1,11,09:00,95,4,12.4,3,1,05-07-2023 : 06-17-2023,,19.6,04:39,05:25,00:04,12:46,506C Castle Frank Stn-Victoria Park Stn ,"Temporary partial bus replacement due to City/TTC construction at Gerrard/Coxwell, and TTC construction at Main Street Station. No streetcar service east of Broadview."
1,9,10:00,82,8,14.3,4,1,05-07-2023 : 06-17-2023,,19.6,04:39,05:25,00:04,12:46,506C Castle Frank Stn-Victoria Park Stn ,"Temporary partial bus replacement due to City/TTC construction at Gerrard/Coxwell, and TTC construction at Main Street Station. No streetcar service east of Broadview."
1,9,10:00,82,8,14.3,0,2,05-07-2023 : 06-17-2023,,19.6,04:40,05:25,00:04,12:46,506C Castle Frank Stn-Victoria Park Stn ,"Temporary partial bus replacement due to City/TTC construction at Gerrard/Coxwell, and TTC construction at Main Street Station. No streetcar service east of Broadview."
1,11,09:00,95,4,12.4,1,2,05-07-2023 : 06-17-2023,,19.6,04:40,05:25,00:04,12:46,506C Castle Frank Stn-Victoria Park Stn ,"Temporary partial bus replacement due to City/TTC construction at Gerrard/Coxwell, and TTC construction at Main Street Station. No streetcar service east of Broadview."
1,14,08:00,108,4,10.9,2,2,05-07-2023 : 06-17-2023,,19.6,04:40,05:25,00:04,12:46,506C Castle Frank Stn-Victoria Park Stn ,"Temporary partial bus replacement due to City/TTC construction at Gerrard/Coxwell, and TTC construction at Main Street Station. No streetcar service east of Broadview."
1,11,09:00,95,4,12.4,3,2,05-07-2023 : 06-17-2023,,19.6,04:40,05:25,00:04,12:46,506C Castle Frank Stn-Victoria Park Stn ,"Temporary partial bus replacement due to City/TTC construction at Gerrard/Coxwell, and TTC construction at Main Street Station. No streetcar service east of Broadview."
1,9,10:00,82,8,14.3,4,2,05-07-2023 : 06-17-2023,,19.6,04:40,05:25,00:04,12:46,506C Castle Frank Stn-Victoria Park Stn ,"Temporary partial bus replacement due to City/TTC construction at Gerrard/Coxwell, and TTC construction at Main Street Station. No streetcar service east of Broadview."
0,18,09:00,150,12,13,0,0,03-26-2023 : 05-06-2023,01-09-2023,32.56,05:15,06:06,01:52,00:50,506 High Park-Main Street Stn ,
0,18,09:30,156,15,12.5,1,0,03-26-2023 : 05-06-2023,01-09-2023,32.56,05:15,06:06,01:52,00:50,506 High Park-Main Street Stn ,
0,21,09:00,176,13,11.1,2,0,03-26-2023 : 05-06-2023,01-09-2023,32.56,05:15,06:06,01:52,00:50,506 High Park-Main Street Stn ,
0,15,10:00,136,14,14.4,3,0,03-26-2023 : 05-06-2023,01-09-2023,32.56,05:15,06:06,01:52,00:50,506 High Park-Main Street Stn ,
0,13,10:00,116,14,16.8,4,0,03-26-2023 : 05-06-2023,01-09-2023,32.56,05:15,06:06,01:52,00:50,506 High Park-Main Street Stn ,
0,12,10:00,106,14,18.4,0,1,03-26-2023 : 05-06-2023,01-14-2023,32.56,05:15,06:00,01:46,01:05,506 High Park-Main Street Stn ,
0,16,09:30,138,14,14.2,1,1,03-26-2023 : 05-06-2023,01-14-2023,32.56,05:15,06:00,01:46,01:05,506 High Park-Main Street Stn ,
0,20,08:30,156,14,12.5,2,1,03-26-2023 : 05-06-2023,01-14-2023,32.56,05:15,06:00,01:46,01:05,506 High Park-Main Street Stn ,
0,15,10:00,134,16,14.6,3,1,03-26-2023 : 05-06-2023,01-14-2023,32.56,05:15,06:00,01:46,01:05,506 High Park-Main Street Stn ,
0,14,10:00,130,10,15,4,1,03-26-2023 : 05-06-2023,01-14-2023,32.56,05:15,06:00,01:46,01:05,506 High Park-Main Street Stn ,
0,11,10:00,102,8,19.2,0,2,03-26-2023 : 05-06-2023,01-08-2023,32.56,05:15,06:00,01:18,00:45,506 High Park-Main Street Stn ,
0,14,10:00,130,10,15,1,2,03-26-2023 : 05-06-2023,01-08-2023,32.56,05:15,06:00,01:18,00:45,506 High Park-Main Street Stn ,
0,18,09:00,148,14,13.2,2,2,03-26-2023 : 05-06-2023,01-08-2023,32.56,05:15,06:00,01:18,00:45,506 High Park-Main Street Stn ,
0,14,09:30,122,11,16,3,2,03-26-2023 : 05-06-2023,01-08-2023,32.56,05:15,06:00,01:18,00:45,506 High Park-Main Street Stn ,
0,13,09:30,114,9,17.1,4,2,03-26-2023 : 05-06-2023,01-08-2023,32.56,05:15,06:00,01:18,00:45,506 High Park-Main Street Stn ,
0,18,09:00,150,12,13,0,0,02-12-2023 : 03-25-2023,01-09-2023,32.56,05:27,06:08,01:52,00:50,506 High Park-Main Street Stn ,
0,18,09:30,156,15,12.5,1,0,02-12-2023 : 03-25-2023,01-09-2023,32.56,05:27,06:08,01:52,00:50,506 High Park-Main Street Stn ,
0,21,09:00,176,13,11.1,2,0,02-12-2023 : 03-25-2023,01-09-2023,32.56,05:27,06:08,01:52,00:50,506 High Park-Main Street Stn ,
0,15,10:00,136,14,14.4,3,0,02-12-2023 : 03-25-2023,01-09-2023,32.56,05:27,06:08,01:52,00:50,506 High Park-Main Street Stn ,
0,13,10:00,116,14,16.8,4,0,02-12-2023 : 03-25-2023,01-09-2023,32.56,05:27,06:08,01:52,00:50,506 High Park-Main Street Stn ,
0,12,10:00,106,14,18.4,0,1,02-12-2023 : 03-25-2023,01-14-2023,32.56,05:15,06:00,23:51,01:05,506 High Park-Main Street Stn ,
0,16,09:30,138,14,14.2,1,1,02-12-2023 : 03-25-2023,01-14-2023,32.56,05:15,06:00,23:51,01:05,506 High Park-Main Street Stn ,
0,20,08:30,156,14,12.5,2,1,02-12-2023 : 03-25-2023,01-14-2023,32.56,05:15,06:00,23:51,01:05,506 High Park-Main Street Stn ,
0,15,10:00,134,16,14.6,3,1,02-12-2023 : 03-25-2023,01-14-2023,32.56,05:15,06:00,23:51,01:05,506 High Park-Main Street Stn ,
0,14,10:00,130,10,15,4,1,02-12-2023 : 03-25-2023,01-14-2023,32.56,05:15,06:00,23:51,01:05,506 High Park-Main Street Stn ,
0,11,10:00,102,8,19.2,0,2,02-12-2023 : 03-25-2023,01-08-2023,32.56,05:15,06:00,23:48,00:45,506 High Park-Main Street Stn ,
0,14,10:00,130,10,15,1,2,02-12-2023 : 03-25-2023,01-08-2023,32.56,05:15,06:00,23:48,00:45,506 High Park-Main Street Stn ,
0,18,09:00,148,14,13.2,2,2,02-12-2023 : 03-25-2023,01-08-2023,32.56,05:15,06:00,23:48,00:45,506 High Park-Main Street Stn ,
0,14,09:30,122,11,16,3,2,02-12-2023 : 03-25-2023,01-08-2023,32.56,05:15,06:00,23:48,00:45,506 High Park-Main Street Stn ,
0,13,09:30,114,9,17.1,4,2,02-12-2023 : 03-25-2023,01-08-2023,32.56,05:15,06:00,23:48,00:45,506 High Park-Main Street Stn ,
0,18,09:00,150,18,13,0,0,01-08-2023 : 02-11-2023,01-09-2023,32.56,05:27,06:08,01:52,00:50,506 High Park-Main Street Stn ,
0,18,09:30,156,18,12.5,1,0,01-08-2023 : 02-11-2023,01-09-2023,32.56,05:27,06:08,01:52,00:50,506 High Park-Main Street Stn ,
0,21,09:00,176,21,11.1,2,0,01-08-2023 : 02-11-2023,01-09-2023,32.56,05:27,06:08,01:52,00:50,506 High Park-Main Street Stn ,
0,15,10:00,136,15,14.4,3,0,01-08-2023 : 02-11-2023,01-09-2023,32.56,05:27,06:08,01:52,00:50,506 High Park-Main Street Stn ,
0,13,10:00,116,13,16.8,4,0,01-08-2023 : 02-11-2023,01-09-2023,32.56,05:27,06:08,01:52,00:50,506 High Park-Main Street Stn ,
0,12,10:00,106,12,18.4,0,1,01-08-2023 : 02-11-2023,01-14-2023,32.56,05:15,06:00,23:51,01:05,506 High Park-Main Street Stn ,
0,16,09:30,138,16,14.2,1,1,01-08-2023 : 02-11-2023,01-14-2023,32.56,05:15,06:00,23:51,01:05,506 High Park-Main Street Stn ,
0,20,08:30,156,20,12.5,2,1,01-08-2023 : 02-11-2023,01-14-2023,32.56,05:15,06:00,23:51,01:05,506 High Park-Main Street Stn ,
0,15,10:00,134,15,14.6,3,1,01-08-2023 : 02-11-2023,01-14-2023,32.56,05:15,06:00,23:51,01:05,506 High Park-Main Street Stn ,
0,14,10:00,130,14,15,4,1,01-08-2023 : 02-11-2023,01-14-2023,32.56,05:15,06:00,23:51,01:05,506 High Park-Main Street Stn ,
0,11,10:00,102,11,19.2,0,2,01-08-2023 : 02-11-2023,01-08-2023,32.56,05:15,06:00,23:48,00:45,506 High Park-Main Street Stn ,
0,14,10:00,130,14,15,1,2,01-08-2023 : 02-11-2023,01-08-2023,32.56,05:15,06:00,23:48,00:45,506 High Park-Main Street Stn ,
0,18,09:00,148,18,13.2,2,2,01-08-2023 : 02-11-2023,01-08-2023,32.56,05:15,06:00,23:48,00:45,506 High Park-Main Street Stn ,
0,14,09:30,122,14,16,3,2,01-08-2023 : 02-11-2023,01-08-2023,32.56,05:15,06:00,23:48,00:45,506 High Park-Main Street Stn ,
0,13,09:30,114,13,17.1,4,2,01-08-2023 : 02-11-2023,01-08-2023,32.56,05:15,06:00,23:48,00:45,506 High Park-Main Street Stn ,