date,EB/WB,bunch,gap,total delay,No. of Veh,Run time (min),Term time (min),Avg. spd (km/h),RT dist (km),Interruption
datetime64[ns],object,int64,int64,float64,float64,float64,float64,float64,float64,int64
2025-01-01 00:00:00,E,387,258,2710.9,16.4,153.4,10.6,11.92,30.130000000000003,0
2025-01-01 00:00:00,W,94,63,922.5333333333334,16.4,153.4,10.6,11.92,30.130000000000003,0
2025-01-02 00:00:00,E,277,313,2556.5499999999997,16.4,153.4,10.6,11.92,30.130000000000003,0
2025-01-02 00:00:00,W,52,107,1019.7333333333333,16.4,153.4,10.6,11.92,30.130000000000003,0
2025-01-03 00:00:00,E,243,425,3805.383333333333,16.4,153.4,10.6,11.92,30.130000000000003,0
2025-01-03 00:00:00,W,57,93,886.2333333333333,16.4,153.4,10.6,11.92,30.130000000000003,0
2025-01-04 00:00:00,E,236,299,2331.2,16.0,147.2,12.8,12.459999999999999,30.130000000000003,0
2025-01-04 00:00:00,W,81,116,708.9333333333334,16.0,147.2,12.8,12.459999999999999,30.130000000000003,0
2025-01-05 00:00:00,E,401,272,8439.35,14.8,135.6,12.4,13.459999999999999,30.130000000000003,0
2025-01-05 00:00:00,W,104,145,1613.85,14.8,135.6,12.4,13.459999999999999,30.130000000000003,0
2025-01-06 00:00:00,E,370,542,5852.166666666667,16.4,153.4,10.6,11.92,30.130000000000003,0
2025-01-06 00:00:00,W,115,139,1982.8666666666668,16.4,153.4,10.6,11.92,30.130000000000003,0
2025-01-07 00:00:00,E,478,546,18792.033333333333,16.4,153.4,10.6,11.92,30.130000000000003,0
2025-01-07 00:00:00,W,177,226,6105.766666666666,16.4,153.4,10.6,11.92,30.130000000000003,0
2025-01-08 00:00:00,W,104,168,3877.616666666667,16.4,153.4,10.6,11.92,30.130000000000003,0
2025-01-08 00:00:00,E,421,551,10790.65,16.4,153.4,10.6,11.92,30.130000000000003,0
2025-01-09 00:00:00,W,145,206,4198.7,16.4,153.4,10.6,11.92,30.130000000000003,0
2025-01-09 00:00:00,E,465,725,19188.1,16.4,153.4,10.6,11.92,30.130000000000003,0
2025-01-10 00:00:00,W,141,179,5724.983333333334,16.4,153.4,10.6,11.92,30.130000000000003,0
2025-01-10 00:00:00,E,487,622,26491.649999999998,16.4,153.4,10.6,11.92,30.130000000000003,0
2025-01-11 00:00:00,E,428,676,14937.016666666666,16.0,147.2,12.8,12.459999999999999,30.130000000000003,0
2025-01-11 00:00:00,W,149,215,5016.25,16.0,147.2,12.8,12.459999999999999,30.130000000000003,0
2025-01-12 00:00:00,W,166,194,3706.85,14.8,135.6,12.4,13.459999999999999,30.130000000000003,0
2025-01-12 00:00:00,E,641,460,16305.333333333334,14.8,135.6,12.4,13.459999999999999,30.130000000000003,0
2025-01-13 00:00:00,E,394,523,6084.35,16.4,153.4,10.6,11.92,30.130000000000003,0
2025-01-13 00:00:00,W,112,171,1807.9333333333334,16.4,153.4,10.6,11.92,30.130000000000003,0
2025-01-14 00:00:00,E,429,527,11970.333333333334,16.4,153.4,10.6,11.92,30.130000000000003,0
2025-01-14 00:00:00,W,136,183,3589.2166666666667,16.4,153.4,10.6,11.92,30.130000000000003,0
2025-01-15 00:00:00,E,635,897,57508.96666666666,16.4,153.4,10.6,11.92,30.130000000000003,0
2025-01-15 00:00:00,W,137,275,14921.833333333334,16.4,153.4,10.6,11.92,30.130000000000003,0
2025-01-16 00:00:00,W,152,206,10999.4,16.4,153.4,10.6,11.92,30.130000000000003,0
2025-01-16 00:00:00,E,498,770,38817.23333333333,16.4,153.4,10.6,11.92,30.130000000000003,0
2025-01-17 00:00:00,W,114,146,5187.7,16.4,153.4,10.6,11.92,30.130000000000003,0
2025-01-17 00:00:00,E,400,622,15276.166666666666,16.4,153.4,10.6,11.92,30.130000000000003,0
2025-01-18 00:00:00,W,124,129,2134.8,16.0,147.2,12.8,12.459999999999999,30.130000000000003,0
2025-01-18 00:00:00,E,276,212,4672.516666666666,16.0,147.2,12.8,12.459999999999999,30.130000000000003,0
2025-01-19 00:00:00,E,471,419,9892.8,14.8,135.6,12.4,13.459999999999999,30.130000000000003,0
2025-01-19 00:00:00,W,104,126,1812.6499999999999,14.8,135.6,12.4,13.459999999999999,30.130000000000003,0
2025-01-20 00:00:00,W,219,218,4803.466666666667,16.4,153.4,10.6,11.92,30.130000000000003,0
2025-01-20 00:00:00,E,614,604,14627.699999999999,16.4,153.4,10.6,11.92,30.130000000000003,0
2025-01-21 00:00:00,E,389,366,6537.55,16.4,153.4,10.6,11.92,30.130000000000003,0
2025-01-21 00:00:00,W,101,161,2171.2166666666667,16.4,153.4,10.6,11.92,30.130000000000003,0
2025-01-22 00:00:00,E,423,497,9948.35,16.4,153.4,10.6,11.92,30.130000000000003,0
2025-01-22 00:00:00,W,135,176,3323.7,16.4,153.4,10.6,11.92,30.130000000000003,0
2025-01-23 00:00:00,W,102,199,4104.583333333333,16.4,153.4,10.6,11.92,30.130000000000003,0
2025-01-23 00:00:00,E,546,618,17882.63333333333,16.4,153.4,10.6,11.92,30.130000000000003,0
2025-01-24 00:00:00,E,390,610,14429.766666666666,16.4,153.4,10.6,11.92,30.130000000000003,0
2025-01-24 00:00:00,W,124,161,3241.4500000000003,16.4,153.4,10.6,11.92,30.130000000000003,0
2025-01-25 00:00:00,W,98,127,3252.1666666666665,16.0,147.2,12.8,12.459999999999999,30.130000000000003,0
2025-01-25 00:00:00,E,309,345,8201.516666666666,16.0,147.2,12.8,12.459999999999999,30.130000000000003,0
2025-01-26 00:00:00,W,115,168,4426.766666666667,14.8,135.6,12.4,13.459999999999999,30.130000000000003,0
2025-01-26 00:00:00,E,724,597,19661.75,14.8,135.6,12.4,13.459999999999999,30.130000000000003,0
2025-01-27 00:00:00,E,530,716,12752.066666666668,16.4,153.4,10.6,11.92,30.130000000000003,0
2025-01-27 00:00:00,W,136,231,2966.3,16.4,153.4,10.6,11.92,30.130000000000003,0
2025-01-28 00:00:00,W,176,237,8024.766666666666,16.4,153.4,10.6,11.92,30.130000000000003,0
2025-01-28 00:00:00,E,475,760,27454.733333333334,16.4,153.4,10.6,11.92,30.130000000000003,0
2025-01-29 00:00:00,W,154,267,5711.716666666666,16.4,153.4,10.6,11.92,30.130000000000003,0
2025-01-29 00:00:00,E,523,718,21149.85,16.4,153.4,10.6,11.92,30.130000000000003,0
2025-01-30 00:00:00,W,151,205,5995.216666666667,16.4,153.4,10.6,11.92,30.130000000000003,0
2025-01-30 00:00:00,E,576,711,25742.7,16.4,153.4,10.6,11.92,30.130000000000003,0
2025-01-31 00:00:00,W,192,246,6593.5,16.4,153.4,10.6,11.92,30.130000000000003,0
2025-01-31 00:00:00,E,442,747,22390.466666666667,16.4,153.4,10.6,11.92,30.130000000000003,0
2025-02-01 00:00:00,E,253,280,11300.416666666666,16.0,147.2,12.8,12.459999999999999,30.130000000000003,0
2025-02-01 00:00:00,W,88,148,3724.1666666666665,16.0,147.2,12.8,12.459999999999999,30.130000000000003,0
2025-02-02 00:00:00,E,490,343,8962.233333333334,14.8,135.6,12.4,13.459999999999999,30.130000000000003,0
2025-02-02 00:00:00,W,75,133,1801.8666666666666,14.8,135.6,12.4,13.459999999999999,30.130000000000003,0
2025-02-03 00:00:00,E,720,835,25534.166666666668,16.4,153.4,10.6,11.92,30.130000000000003,0
2025-02-03 00:00:00,W,221,330,6776.299999999999,16.4,153.4,10.6,11.92,30.130000000000003,0
2025-02-04 00:00:00,W,138,225,6170.583333333334,16.4,153.4,10.6,11.92,30.130000000000003,0
2025-02-04 00:00:00,E,405,561,12882.233333333334,16.4,153.4,10.6,11.92,30.130000000000003,0
2025-02-05 00:00:00,W,134,234,4718.616666666667,16.4,153.4,10.6,11.92,30.130000000000003,0
2025-02-05 00:00:00,E,561,742,14833.783333333333,16.4,153.4,10.6,11.92,30.130000000000003,0
2025-02-06 00:00:00,E,638,799,29795.949999999997,16.4,153.4,10.6,11.92,30.130000000000003,0
2025-02-06 00:00:00,W,114,224,6545.483333333334,16.4,153.4,10.6,11.92,30.130000000000003,0
2025-02-07 00:00:00,E,484,791,27189.6,16.4,153.4,10.6,11.92,30.130000000000003,0
2025-02-07 00:00:00,W,92,203,5827.633333333333,16.4,153.4,10.6,11.92,30.130000000000003,0
2025-02-08 00:00:00,E,514,485,14632.666666666666,16.0,147.2,12.8,12.459999999999999,30.130000000000003,0
2025-02-08 00:00:00,W,92,172,3835.0833333333335,16.0,147.2,12.8,12.459999999999999,30.130000000000003,0
2025-02-09 00:00:00,E,494,452,16325.75,14.8,135.6,12.4,13.459999999999999,30.130000000000003,0
2025-02-09 00:00:00,W,141,140,3360.75,14.8,135.6,12.4,13.459999999999999,30.130000000000003,0
2025-02-10 00:00:00,E,422,543,9601.366666666667,16.4,153.4,10.6,11.92,30.130000000000003,0
2025-02-10 00:00:00,W,159,167,3019.8,16.4,153.4,10.6,11.92,30.130000000000003,0
2025-02-11 00:00:00,W,166,198,7440.283333333334,16.4,153.4,10.6,11.92,30.130000000000003,0
2025-02-11 00:00:00,E,587,884,26275.8,16.4,153.4,10.6,11.92,30.130000000000003,0
2025-02-12 00:00:00,W,164,291,10932.800000000001,16.4,153.4,10.6,11.92,30.130000000000003,0
2025-02-12 00:00:00,E,572,933,39327.15,16.4,153.4,10.6,11.92,30.130000000000003,0
2025-02-13 00:00:00,W,196,310,12928.116666666667,16.4,153.4,10.6,11.92,30.130000000000003,0
2025-02-13 00:00:00,E,663,1011,44458.933333333334,16.4,153.4,10.6,11.92,30.130000000000003,0
2025-02-14 00:00:00,E,321,1042,45023.833333333336,16.4,153.4,10.6,11.92,30.130000000000003,0
2025-02-14 00:00:00,W,75,313,11351.0,16.4,153.4,10.6,11.92,30.130000000000003,0
2025-02-15 00:00:00,W,87,260,10399.5,16.8,148.0,10.8,13.382,32.49,0
2025-02-15 00:00:00,E,446,797,39084.3,16.8,148.0,10.8,13.382,32.49,0
2025-02-16 00:00:00,E,495,826,34657.71666666667,14.8,135.6,13.2,13.459999999999999,30.130000000000003,0
2025-02-16 00:00:00,W,172,179,6419.4,14.8,135.6,13.2,13.459999999999999,30.130000000000003,0
2025-02-17 00:00:00,E,678,1053,67860.83333333333,16.4,153.4,10.6,11.92,30.130000000000003,0
2025-02-17 00:00:00,W,269,407,15081.2,16.4,153.4,10.6,11.92,30.130000000000003,0
2025-02-18 00:00:00,W,133,321,12947.85,16.4,153.4,10.6,11.92,30.130000000000003,0
2025-02-18 00:00:00,E,326,954,38825.78333333333,16.4,153.4,10.6,11.92,30.130000000000003,0
2025-02-19 00:00:00,W,140,297,13728.866666666667,16.4,153.4,10.6,11.92,30.130000000000003,0
2025-02-19 00:00:00,E,392,1005,57511.916666666664,16.4,153.4,10.6,11.92,30.130000000000003,0
2025-02-20 00:00:00,E,522,1106,53794.05,16.4,153.4,10.6,11.92,30.130000000000003,0
2025-02-20 00:00:00,W,165,348,13614.566666666666,16.4,153.4,10.6,11.92,30.130000000000003,0
2025-02-21 00:00:00,E,489,1043,53033.4,16.4,153.4,10.6,11.92,30.130000000000003,0
2025-02-21 00:00:00,W,164,274,15876.283333333335,16.4,153.4,10.6,11.92,30.130000000000003,0
2025-02-22 00:00:00,E,350,924,32303.133333333335,16.0,147.2,12.8,12.459999999999999,30.130000000000003,0
2025-02-22 00:00:00,W,102,268,11540.333333333332,16.0,147.2,12.8,12.459999999999999,30.130000000000003,0
2025-02-23 00:00:00,W,140,276,11021.55,14.8,135.6,13.2,13.459999999999999,30.130000000000003,0
2025-02-23 00:00:00,E,512,901,41381.0,14.8,135.6,13.2,13.459999999999999,30.130000000000003,0
2025-02-24 00:00:00,E,740,936,37943.13333333333,16.4,153.4,10.6,11.92,30.130000000000003,0
2025-02-24 00:00:00,W,276,281,12055.483333333334,16.4,153.4,10.6,11.92,30.130000000000003,0
2025-02-25 00:00:00,W,199,277,16706.883333333335,16.4,153.4,10.6,11.92,30.130000000000003,0
2025-02-25 00:00:00,E,796,963,71242.53333333334,16.4,153.4,10.6,11.92,30.130000000000003,0
2025-02-26 00:00:00,W,189,274,18914.05,16.4,153.4,10.6,11.92,30.130000000000003,0
2025-02-26 00:00:00,E,671,1042,68918.25,16.4,153.4,10.6,11.92,30.130000000000003,0
2025-02-27 00:00:00,W,175,306,15637.3,16.4,153.4,10.6,11.92,30.130000000000003,0
2025-02-27 00:00:00,E,722,1005,51645.450000000004,16.4,153.4,10.6,11.92,30.130000000000003,0
2025-02-28 00:00:00,W,155,238,7406.033333333334,16.4,153.4,10.6,11.92,30.130000000000003,0
2025-02-28 00:00:00,E,442,673,24890.283333333333,16.4,153.4,10.6,11.92,30.130000000000003,0
2025-03-01 00:00:00,W,110,149,3799.2833333333333,16.0,147.2,12.8,12.459999999999999,30.130000000000003,0
2025-03-01 00:00:00,E,455,543,14733.45,16.0,147.2,12.8,12.459999999999999,30.130000000000003,0
2025-03-02 00:00:00,E,593,644,24136.066666666666,14.8,135.6,13.2,13.459999999999999,30.130000000000003,0
2025-03-02 00:00:00,W,120,162,4771.2,14.8,135.6,13.2,13.459999999999999,30.130000000000003,0
2025-03-03 00:00:00,E,358,533,9933.866666666667,16.4,153.4,10.6,11.92,30.130000000000003,0
2025-03-03 00:00:00,W,112,157,3122.766666666667,16.4,153.4,10.6,11.92,30.130000000000003,0
2025-03-04 00:00:00,W,137,198,5540.533333333333,16.4,153.4,10.6,11.92,30.130000000000003,0
2025-03-04 00:00:00,E,340,698,22862.55,16.4,153.4,10.6,11.92,30.130000000000003,0
2025-03-05 00:00:00,W,81,165,3397.0666666666666,16.4,153.4,10.6,11.92,30.130000000000003,0
2025-03-05 00:00:00,E,473,545,16964.85,16.4,153.4,10.6,11.92,30.130000000000003,0
2025-03-06 00:00:00,E,574,695,15323.816666666668,16.4,153.4,10.6,11.92,30.130000000000003,0
2025-03-06 00:00:00,W,170,194,3961.3500000000004,16.4,153.4,10.6,11.92,30.130000000000003,0
2025-03-07 00:00:00,W,220,227,6064.316666666667,16.4,153.4,10.6,11.92,30.130000000000003,0
2025-03-07 00:00:00,E,562,797,20210.183333333334,16.4,153.4,10.6,11.92,30.130000000000003,0
2025-03-08 00:00:00,E,364,454,7710.883333333333,16.0,147.2,12.8,12.459999999999999,30.130000000000003,0
2025-03-08 00:00:00,W,99,117,3050.9666666666667,16.0,147.2,12.8,12.459999999999999,30.130000000000003,0
2025-03-09 00:00:00,E,513,433,14631.033333333333,14.8,135.6,13.2,13.459999999999999,30.130000000000003,0
2025-03-09 00:00:00,W,138,112,3122.5333333333333,14.8,135.6,13.2,13.459999999999999,30.130000000000003,0
2025-03-10 00:00:00,W,158,160,2266.8,16.4,153.4,10.6,11.92,30.130000000000003,0
2025-03-10 00:00:00,E,471,502,8066.416666666667,16.4,153.4,10.6,11.92,30.130000000000003,0
2025-03-11 00:00:00,E,308,419,4422.566666666667,16.4,153.4,10.6,11.92,30.130000000000003,0
2025-03-11 00:00:00,W,117,122,1953.7166666666667,16.4,153.4,10.6,11.92,30.130000000000003,0
2025-03-12 00:00:00,E,227,451,8221.633333333333,16.4,153.4,10.6,11.92,30.130000000000003,0
2025-03-12 00:00:00,W,113,155,2723.15,16.4,153.4,10.6,11.92,30.130000000000003,0
2025-03-13 00:00:00,W,104,117,1875.1833333333334,16.4,153.4,10.6,11.92,30.130000000000003,0
2025-03-13 00:00:00,E,229,314,5982.066666666667,16.4,153.4,10.6,11.92,30.130000000000003,0
2025-03-14 00:00:00,W,117,136,3165.1499999999996,16.4,153.4,10.6,11.92,30.130000000000003,0
2025-03-14 00:00:00,E,416,556,14992.2,16.4,153.4,10.6,11.92,30.130000000000003,0
2025-03-15 00:00:00,W,116,77,1819.75,16.0,147.2,12.8,12.459999999999999,30.130000000000003,0
2025-03-15 00:00:00,E,357,210,7873.916666666667,16.0,147.2,12.8,12.459999999999999,30.130000000000003,0
2025-03-16 00:00:00,E,184,267,7736.416666666667,14.8,135.6,13.2,13.459999999999999,30.130000000000003,0
2025-03-16 00:00:00,W,98,98,1690.85,14.8,135.6,13.2,13.459999999999999,30.130000000000003,0
2025-03-17 00:00:00,W,114,169,2120.1666666666665,16.4,153.4,10.6,11.92,30.130000000000003,0
2025-03-17 00:00:00,E,386,461,4212.3,16.4,153.4,10.6,11.92,30.130000000000003,0
2025-03-18 00:00:00,E,652,590,19167.966666666667,16.4,153.4,10.6,11.92,30.130000000000003,0
2025-03-18 00:00:00,W,202,216,4653.05,16.4,153.4,10.6,11.92,30.130000000000003,0
2025-03-19 00:00:00,W,138,195,3758.9666666666667,16.4,153.4,10.6,11.92,30.130000000000003,0
2025-03-19 00:00:00,E,519,691,13140.8,16.4,153.4,10.6,11.92,30.130000000000003,0
2025-03-20 00:00:00,E,580,772,19825.3,16.4,153.4,10.6,11.92,30.130000000000003,0
2025-03-20 00:00:00,W,173,217,5002.2,16.4,153.4,10.6,11.92,30.130000000000003,0
2025-03-21 00:00:00,W,132,149,2931.6833333333334,16.4,153.4,10.6,11.92,30.130000000000003,0
2025-03-21 00:00:00,E,383,510,10667.233333333334,16.4,153.4,10.6,11.92,30.130000000000003,0
2025-03-22 00:00:00,E,292,249,6526.6,16.0,147.2,12.8,12.459999999999999,30.130000000000003,0
2025-03-22 00:00:00,W,110,88,1712.8,16.0,147.2,12.8,12.459999999999999,30.130000000000003,0
2025-03-23 00:00:00,E,436,426,12628.25,14.8,135.6,13.2,13.459999999999999,30.130000000000003,0
2025-03-23 00:00:00,W,108,110,2433.866666666667,14.8,135.6,13.2,13.459999999999999,30.130000000000003,0
2025-03-24 00:00:00,E,238,287,3436.7833333333333,16.4,153.4,10.6,11.92,30.130000000000003,0
2025-03-24 00:00:00,W,86,122,1090.9666666666667,16.4,153.4,10.6,11.92,30.130000000000003,0
2025-03-25 00:00:00,W,128,168,2947.1166666666663,16.4,153.4,10.6,11.92,30.130000000000003,0
2025-03-25 00:00:00,E,405,592,9378.3,16.4,153.4,10.6,11.92,30.130000000000003,0
2025-03-26 00:00:00,E,403,511,12223.0,16.4,153.4,10.6,11.92,30.130000000000003,0
2025-03-26 00:00:00,W,89,130,2705.35,16.4,153.4,10.6,11.92,30.130000000000003,0
2025-03-27 00:00:00,W,86,222,3759.7833333333333,16.4,153.4,10.6,11.92,30.130000000000003,0
2025-03-27 00:00:00,E,292,795,14160.383333333333,16.4,153.4,10.6,11.92,30.130000000000003,0
2025-03-28 00:00:00,W,135,195,5825.666666666667,16.4,153.4,10.6,11.92,30.130000000000003,0
2025-03-28 00:00:00,E,421,689,27198.516666666666,16.4,153.4,10.6,11.92,30.130000000000003,0
2025-03-29 00:00:00,E,297,283,8377.8,16.0,147.2,12.8,12.459999999999999,30.130000000000003,0
2025-03-29 00:00:00,W,141,135,3188.4,16.0,147.2,12.8,12.459999999999999,30.130000000000003,0
2025-03-30 00:00:00,E,471,517,12540.95,14.8,135.6,13.2,13.459999999999999,30.130000000000003,0
2025-03-30 00:00:00,W,118,143,3967.5333333333333,14.8,135.6,13.2,13.459999999999999,30.130000000000003,0
2025-03-31 00:00:00,E,498,395,6364.466666666666,16.4,153.4,10.6,11.92,30.130000000000003,0
2025-03-31 00:00:00,W,118,124,1750.9166666666665,16.4,153.4,10.6,11.92,30.130000000000003,0
2025-04-01 00:00:00,E,490,574,12498.7,16.4,153.4,10.6,11.92,30.130000000000003,0
2025-04-01 00:00:00,W,148,197,4084.5,16.4,153.4,10.6,11.92,30.130000000000003,0
2025-04-02 00:00:00,E,599,643,20725.3,16.4,153.4,10.6,11.92,30.130000000000003,0
2025-04-02 00:00:00,W,145,178,6415.1,16.4,153.4,10.6,11.92,30.130000000000003,0
2025-04-03 00:00:00,W,104,189,3885.483333333333,16.4,153.4,10.6,11.92,30.130000000000003,0
2025-04-03 00:00:00,E,434,678,15736.666666666666,16.4,153.4,10.6,11.92,30.130000000000003,0
2025-04-04 00:00:00,W,186,241,6595.15,16.4,153.4,10.6,11.92,30.130000000000003,0
2025-04-04 00:00:00,E,450,718,24137.583333333332,16.4,153.4,10.6,11.92,30.130000000000003,0
2025-04-05 00:00:00,E,442,279,11742.449999999999,17.2,147.6,11.4,12.440000000000001,30.130000000000003,0
2025-04-05 00:00:00,W,133,117,3373.8333333333335,17.2,147.6,11.4,12.440000000000001,30.130000000000003,0
2025-04-06 00:00:00,E,464,589,11481.75,14.8,135.6,13.2,13.459999999999999,30.130000000000003,0
2025-04-06 00:00:00,W,113,146,2912.6,14.8,135.6,13.2,13.459999999999999,30.130000000000003,0
2025-04-07 00:00:00,E,345,416,5640.816666666667,16.4,153.4,10.6,11.92,30.130000000000003,0
2025-04-07 00:00:00,W,93,122,1360.25,16.4,153.4,10.6,11.92,30.130000000000003,0
2025-04-08 00:00:00,E,328,575,18295.166666666664,16.4,153.4,10.6,11.92,30.130000000000003,0
2025-04-08 00:00:00,W,104,142,8329.333333333334,16.4,153.4,10.6,11.92,30.130000000000003,0
2025-04-09 00:00:00,E,428,625,10744.566666666668,16.4,153.4,10.6,11.92,30.130000000000003,0
2025-04-09 00:00:00,W,140,156,3068.8333333333335,16.4,153.4,10.6,11.92,30.130000000000003,0
2025-04-10 00:00:00,E,428,720,23258.5,16.4,153.4,10.6,11.92,30.130000000000003,0
2025-04-10 00:00:00,W,106,195,5296.45,16.4,153.4,10.6,11.92,30.130000000000003,0
2025-04-11 00:00:00,W,173,254,8277.166666666666,16.4,153.4,10.6,11.92,30.130000000000003,0
2025-04-11 00:00:00,E,598,1032,36084.46666666667,16.4,153.4,10.6,11.92,30.130000000000003,0
2025-04-12 00:00:00,E,640,487,38919.73333333334,17.2,147.6,11.4,12.440000000000001,30.130000000000003,0
2025-04-12 00:00:00,W,239,167,8689.033333333333,17.2,147.6,11.4,12.440000000000001,30.130000000000003,0
2025-04-13 00:00:00,E,587,554,31036.283333333333,14.8,135.6,13.2,13.459999999999999,30.130000000000003,0
2025-04-13 00:00:00,W,155,154,5778.9,14.8,135.6,13.2,13.459999999999999,30.130000000000003,0
2025-04-14 00:00:00,W,54,140,1208.6499999999999,16.4,153.4,10.6,11.92,30.130000000000003,0
2025-04-14 00:00:00,E,414,534,5151.683333333333,16.4,153.4,10.6,11.92,30.130000000000003,0
2025-04-15 00:00:00,E,330,428,7771.983333333334,16.4,153.4,10.6,11.92,30.130000000000003,0
2025-04-15 00:00:00,W,107,136,2303.4166666666665,16.4,153.4,10.6,11.92,30.130000000000003,0
2025-04-16 00:00:00,W,115,141,3079.383333333333,16.4,153.4,10.6,11.92,30.130000000000003,0
2025-04-16 00:00:00,E,350,549,11916.55,16.4,153.4,10.6,11.92,30.130000000000003,0
2025-04-17 00:00:00,E,445,792,27305.3,16.4,153.4,10.6,11.92,30.130000000000003,0
2025-04-17 00:00:00,W,92,263,6857.933333333333,16.4,153.4,10.6,11.92,30.130000000000003,0
2025-04-18 00:00:00,W,95,168,3551.733333333333,16.4,153.4,10.6,11.92,30.130000000000003,0
2025-04-18 00:00:00,E,374,576,19490.05,16.4,153.4,10.6,11.92,30.130000000000003,0
2025-04-19 00:00:00,W,212,195,3969.0666666666666,17.2,147.6,11.4,12.440000000000001,30.130000000000003,0
2025-04-19 00:00:00,E,669,506,8588.316666666666,17.2,147.6,11.4,12.440000000000001,30.130000000000003,0
2025-04-20 00:00:00,W,94,70,1476.5833333333335,14.8,135.6,13.2,13.459999999999999,30.130000000000003,0
2025-04-20 00:00:00,E,334,433,6797.05,14.8,135.6,13.2,13.459999999999999,30.130000000000003,0
2025-04-21 00:00:00,W,120,121,925.6333333333333,16.4,153.4,10.6,11.92,30.130000000000003,0
2025-04-21 00:00:00,E,376,339,3466.583333333333,16.4,153.4,10.6,11.92,30.130000000000003,0
2025-04-22 00:00:00,W,68,156,3808.016666666667,16.4,153.4,10.6,11.92,30.130000000000003,0
2025-04-22 00:00:00,E,352,501,10932.566666666668,16.4,153.4,10.6,11.92,30.130000000000003,0
2025-04-23 00:00:00,W,117,139,4029.65,16.4,153.4,10.6,11.92,30.130000000000003,0
2025-04-23 00:00:00,E,370,446,15076.6,16.4,153.4,10.6,11.92,30.130000000000003,0
2025-04-24 00:00:00,W,133,248,6785.616666666667,16.4,153.4,10.6,11.92,30.130000000000003,0
2025-04-24 00:00:00,E,515,762,23878.1,16.4,153.4,10.6,11.92,30.130000000000003,0
2025-04-25 00:00:00,W,121,164,7845.883333333333,16.4,153.4,10.6,11.92,30.130000000000003,0
2025-04-25 00:00:00,E,207,485,17718.88333333333,16.4,153.4,10.6,11.92,30.130000000000003,0
2025-04-26 00:00:00,E,345,662,53847.63333333333,17.2,147.6,11.4,12.440000000000001,30.130000000000003,0
2025-04-26 00:00:00,W,258,491,23962.016666666666,17.2,147.6,11.4,12.440000000000001,30.130000000000003,0
2025-04-27 00:00:00,E,400,694,24109.6,14.8,135.6,13.2,13.459999999999999,30.130000000000003,0
2025-04-27 00:00:00,W,141,483,11699.2,14.8,135.6,13.2,13.459999999999999,30.130000000000003,0
2025-04-28 00:00:00,W,157,199,3489.3166666666666,16.4,153.4,10.6,11.92,30.130000000000003,0
2025-04-28 00:00:00,E,360,584,9045.966666666667,16.4,153.4,10.6,11.92,30.130000000000003,0
2025-04-29 00:00:00,E,483,657,19433.683333333334,16.4,153.4,10.6,11.92,30.130000000000003,0
2025-04-29 00:00:00,W,155,173,5019.883333333333,16.4,153.4,10.6,11.92,30.130000000000003,0
2025-04-30 00:00:00,E,387,576,20259.283333333333,16.4,153.4,10.6,11.92,30.130000000000003,0
2025-04-30 00:00:00,W,107,156,6452.383333333333,16.4,153.4,10.6,11.92,30.130000000000003,0
2025-05-01 00:00:00,E,384,694,17268.216666666667,16.4,153.4,10.6,11.92,30.130000000000003,0
2025-05-01 00:00:00,W,114,159,6518.55,16.4,153.4,10.6,11.92,30.130000000000003,0
2025-05-02 00:00:00,W,136,186,7248.183333333333,16.4,153.4,10.6,11.92,30.130000000000003,0
2025-05-02 00:00:00,E,479,686,26451.066666666666,16.4,153.4,10.6,11.92,30.130000000000003,0
2025-05-03 00:00:00,E,589,442,31507.95,17.2,147.6,11.4,12.440000000000001,30.130000000000003,0
2025-05-03 00:00:00,W,159,191,7400.45,17.2,147.6,11.4,12.440000000000001,30.130000000000003,0
2025-05-04 00:00:00,E,815,647,37556.95,14.8,135.6,13.2,13.459999999999999,30.130000000000003,0
2025-05-04 00:00:00,W,141,205,8486.15,14.8,135.6,13.2,13.459999999999999,30.130000000000003,0
2025-05-05 00:00:00,W,81,115,1810.2666666666667,16.4,153.4,10.6,11.92,30.130000000000003,0
2025-05-05 00:00:00,E,214,280,3327.0499999999997,16.4,153.4,10.6,11.92,30.130000000000003,0
2025-05-06 00:00:00,W,170,137,3948.35,16.4,153.4,10.6,11.92,30.130000000000003,0
2025-05-06 00:00:00,E,372,461,10320.95,16.4,153.4,10.6,11.92,30.130000000000003,0
2025-05-07 00:00:00,E,384,551,16867.966666666667,16.4,153.4,10.6,11.92,30.130000000000003,0
2025-05-07 00:00:00,W,143,197,5506.35,16.4,153.4,10.6,11.92,30.130000000000003,0
2025-05-08 00:00:00,W,132,207,3694.4666666666667,16.4,153.4,10.6,11.92,30.130000000000003,0
2025-05-08 00:00:00,E,269,383,12112.15,16.4,153.4,10.6,11.92,30.130000000000003,0
2025-05-09 00:00:00,W,209,139,5108.783333333334,16.4,153.4,10.6,11.92,30.130000000000003,0
2025-05-09 00:00:00,E,320,323,12993.716666666665,16.4,153.4,10.6,11.92,30.130000000000003,0
2025-05-10 00:00:00,W,168,134,2026.6166666666668,17.2,147.6,11.4,12.440000000000001,30.130000000000003,0
2025-05-10 00:00:00,E,526,368,14543.816666666666,17.2,147.6,11.4,12.440000000000001,30.130000000000003,0
2025-05-11 00:00:00,E,344,390,18386.4,14.8,135.6,13.2,13.459999999999999,30.130000000000003,0
2025-05-11 00:00:00,W,224,357,5599.15,14.8,135.6,13.2,13.459999999999999,30.130000000000003,0
2025-05-12 00:00:00,W,163,166,3783.5333333333333,16.4,153.4,10.6,11.92,30.130000000000003,0
2025-05-12 00:00:00,E,488,690,11357.933333333332,16.4,153.4,10.6,11.92,30.130000000000003,0
2025-05-13 00:00:00,E,570,879,20852.11666666667,16.4,153.4,10.6,11.92,30.130000000000003,0
2025-05-13 00:00:00,W,175,246,7149.683333333333,16.4,153.4,10.6,11.92,30.130000000000003,0
2025-05-14 00:00:00,W,113,246,5589.45,16.4,153.4,10.6,11.92,30.130000000000003,0
2025-05-14 00:00:00,E,459,799,25315.35,16.4,153.4,10.6,11.92,30.130000000000003,0
2025-05-15 00:00:00,W,112,173,5285.783333333333,16.4,153.4,10.6,11.92,30.130000000000003,0
2025-05-15 00:00:00,E,451,508,18809.4,16.4,153.4,10.6,11.92,30.130000000000003,0
2025-05-16 00:00:00,E,638,826,21689.533333333333,16.4,153.4,10.6,11.92,30.130000000000003,0
2025-05-16 00:00:00,W,157,253,6315.183333333333,16.4,153.4,10.6,11.92,30.130000000000003,0
2025-05-17 00:00:00,E,656,539,12101.466666666665,17.2,147.6,11.4,12.440000000000001,30.130000000000003,0
2025-05-17 00:00:00,W,186,163,4660.033333333334,17.2,147.6,11.4,12.440000000000001,30.130000000000003,0
2025-05-18 00:00:00,W,95,147,4753.383333333333,14.8,135.6,13.2,13.459999999999999,30.130000000000003,0
2025-05-18 00:00:00,E,551,548,18589.933333333334,14.8,135.6,13.2,13.459999999999999,30.130000000000003,0
2025-05-19 00:00:00,E,345,489,5658.966666666667,16.4,153.4,10.6,11.92,30.130000000000003,0
2025-05-19 00:00:00,W,140,130,2667.583333333333,16.4,153.4,10.6,11.92,30.130000000000003,0
2025-05-20 00:00:00,E,601,650,16071.75,16.4,153.4,10.6,11.92,30.130000000000003,0
2025-05-20 00:00:00,W,121,163,5085.666666666667,16.4,153.4,10.6,11.92,30.130000000000003,0
2025-05-21 00:00:00,E,608,737,25698.883333333335,16.4,153.4,10.6,11.92,30.130000000000003,0
2025-05-21 00:00:00,W,150,236,6518.583333333333,16.4,153.4,10.6,11.92,30.130000000000003,0
2025-05-22 00:00:00,E,494,674,18790.55,16.4,153.4,10.6,11.92,30.130000000000003,0
2025-05-22 00:00:00,W,134,192,5168.900000000001,16.4,153.4,10.6,11.92,30.130000000000003,0
2025-05-23 00:00:00,W,75,129,4696.2,16.4,153.4,10.6,11.92,30.130000000000003,0
2025-05-23 00:00:00,E,317,538,18839.416666666668,16.4,153.4,10.6,11.92,30.130000000000003,0
2025-05-24 00:00:00,E,484,497,24248.033333333333,17.2,147.6,11.4,12.440000000000001,30.130000000000003,0
2025-05-24 00:00:00,W,163,167,6829.066666666667,17.2,147.6,11.4,12.440000000000001,30.130000000000003,0
2025-05-25 00:00:00,E,499,650,22531.233333333334,14.8,135.6,13.2,13.459999999999999,30.130000000000003,0
2025-05-25 00:00:00,W,150,177,5158.716666666667,14.8,135.6,13.2,13.459999999999999,30.130000000000003,0
2025-05-26 00:00:00,W,136,151,4378.316666666667,16.4,153.4,10.6,11.92,30.130000000000003,0
2025-05-26 00:00:00,E,394,566,11997.866666666667,16.4,153.4,10.6,11.92,30.130000000000003,0
2025-05-27 00:00:00,W,104,138,3531.9666666666667,16.4,153.4,10.6,11.92,30.130000000000003,0
2025-05-27 00:00:00,E,417,555,10650.383333333333,16.4,153.4,10.6,11.92,30.130000000000003,0
2025-05-28 00:00:00,W,122,183,4918.783333333333,16.4,153.4,10.6,11.92,30.130000000000003,0
2025-05-28 00:00:00,E,435,563,17690.4,16.4,153.4,10.6,11.92,30.130000000000003,0
2025-05-29 00:00:00,E,472,767,21501.18333333333,16.4,153.4,10.6,11.92,30.130000000000003,0
2025-05-29 00:00:00,W,136,221,6179.316666666667,16.4,153.4,10.6,11.92,30.130000000000003,0
2025-05-30 00:00:00,E,415,646,22021.8,16.4,153.4,10.6,11.92,30.130000000000003,0
2025-05-30 00:00:00,W,130,173,6516.6,16.4,153.4,10.6,11.92,30.130000000000003,0
2025-05-31 00:00:00,E,517,342,19852.05,17.2,147.6,11.4,12.440000000000001,30.130000000000003,0
2025-05-31 00:00:00,W,156,143,6404.483333333334,17.2,147.6,11.4,12.440000000000001,30.130000000000003,0
2025-06-01 00:00:00,E,487,762,29139.983333333334,14.8,135.6,13.2,13.459999999999999,30.130000000000003,0
2025-06-01 00:00:00,W,126,223,7254.45,14.8,135.6,13.2,13.459999999999999,30.130000000000003,0
2025-06-02 00:00:00,W,68,189,2342.4666666666667,16.4,153.4,10.6,11.92,30.130000000000003,0
2025-06-02 00:00:00,E,272,692,6538.683333333333,16.4,153.4,10.6,11.92,30.130000000000003,0
2025-06-03 00:00:00,E,344,595,13175.25,16.4,153.4,10.6,11.92,30.130000000000003,0
2025-06-03 00:00:00,W,120,195,4586.0,16.4,153.4,10.6,11.92,30.130000000000003,0
2025-06-04 00:00:00,W,114,166,4682.15,16.4,153.4,10.6,11.92,30.130000000000003,0
2025-06-04 00:00:00,E,272,618,12334.45,16.4,153.4,10.6,11.92,30.130000000000003,0
2025-06-05 00:00:00,E,423,808,19096.65,16.4,153.4,10.6,11.92,30.130000000000003,0
2025-06-05 00:00:00,W,83,253,5547.966666666666,16.4,153.4,10.6,11.92,30.130000000000003,0
2025-06-06 00:00:00,E,523,742,29072.416666666668,16.4,153.4,10.6,11.92,30.130000000000003,0
2025-06-06 00:00:00,W,116,201,6887.816666666667,16.4,153.4,10.6,11.92,30.130000000000003,0
2025-06-07 00:00:00,E,631,767,40405.2,17.2,147.6,11.4,12.440000000000001,30.130000000000003,0
2025-06-07 00:00:00,W,160,230,9206.45,17.2,147.6,11.4,12.440000000000001,30.130000000000003,0
2025-06-08 00:00:00,W,152,296,8927.033333333335,14.8,135.6,13.2,13.459999999999999,30.130000000000003,0
2025-06-08 00:00:00,E,511,839,27967.083333333332,14.8,135.6,13.2,13.459999999999999,30.130000000000003,0
2025-06-09 00:00:00,W,133,161,3172.2,16.4,153.4,10.6,11.92,30.130000000000003,0
2025-06-09 00:00:00,E,300,472,10095.433333333334,16.4,153.4,10.6,11.92,30.130000000000003,0
2025-06-10 00:00:00,W,151,217,9149.916666666666,16.4,153.4,10.6,11.92,30.130000000000003,0
2025-06-10 00:00:00,E,470,918,28593.45,16.4,153.4,10.6,11.92,30.130000000000003,0
2025-06-11 00:00:00,W,110,210,6375.216666666666,16.4,153.4,10.6,11.92,30.130000000000003,0
2025-06-11 00:00:00,E,449,592,21472.766666666666,16.4,153.4,10.6,11.92,30.130000000000003,0
2025-06-12 00:00:00,W,144,203,7273.783333333333,16.4,153.4,10.6,11.92,30.130000000000003,0
2025-06-12 00:00:00,E,399,754,27902.36666666667,16.4,153.4,10.6,11.92,30.130000000000003,0
2025-06-13 00:00:00,W,138,255,7799.15,16.4,153.4,10.6,11.92,30.130000000000003,0
2025-06-13 00:00:00,E,397,820,42768.416666666664,16.4,153.4,10.6,11.92,30.130000000000003,0
2025-06-14 00:00:00,E,688,1094,49212.48333333334,17.2,147.6,11.4,12.440000000000001,30.130000000000003,0
2025-06-14 00:00:00,W,90,238,11857.566666666666,17.2,147.6,11.4,12.440000000000001,30.130000000000003,0
2025-06-15 00:00:00,W,92,221,7299.016666666666,14.8,135.6,13.2,13.459999999999999,30.130000000000003,0
2025-06-15 00:00:00,E,517,867,39145.066666666666,14.8,135.6,13.2,13.459999999999999,30.130000000000003,0
2025-06-16 00:00:00,W,140,167,3354.9,16.4,153.4,10.6,11.92,30.130000000000003,0
2025-06-16 00:00:00,E,527,704,13213.633333333333,16.4,153.4,10.6,11.92,30.130000000000003,0
2025-06-17 00:00:00,E,651,818,37356.28333333333,16.4,153.4,10.6,11.92,30.130000000000003,0
2025-06-17 00:00:00,W,145,247,10586.583333333334,16.4,153.4,10.6,11.92,30.130000000000003,0
2025-06-18 00:00:00,E,564,822,30309.066666666666,16.4,153.4,10.6,11.92,30.130000000000003,0
2025-06-18 00:00:00,W,145,234,9127.566666666668,16.4,153.4,10.6,11.92,30.130000000000003,0
2025-06-19 00:00:00,E,408,972,29618.333333333332,16.4,153.4,10.6,11.92,30.130000000000003,0
2025-06-19 00:00:00,W,117,279,7413.366666666667,16.4,153.4,10.6,11.92,30.130000000000003,0
2025-06-20 00:00:00,E,211,716,19006.85,16.4,153.4,10.6,11.92,30.130000000000003,0
2025-06-20 00:00:00,W,111,194,6630.466666666666,16.4,153.4,10.6,11.92,30.130000000000003,0
2025-06-21 00:00:00,E,331,415,15244.083333333332,17.2,147.6,11.4,12.440000000000001,30.130000000000003,0
2025-06-21 00:00:00,W,110,113,4160.25,17.2,147.6,11.4,12.440000000000001,30.130000000000003,0
2025-06-22 00:00:00,W,80,259,10727.75,14.8,135.6,13.2,13.459999999999999,30.130000000000003,0
2025-06-22 00:00:00,E,247,724,42259.7,14.8,135.6,13.2,13.459999999999999,30.130000000000003,0
2025-06-23 00:00:00,W,121,254,6474.45,16.4,153.4,10.6,11.92,30.130000000000003,0
2025-06-23 00:00:00,E,371,705,21178.583333333332,16.4,153.4,10.6,11.92,30.130000000000003,0
2025-06-24 00:00:00,W,132,256,6159.166666666667,16.4,153.4,10.6,11.92,30.130000000000003,0
2025-06-24 00:00:00,E,397,769,16903.383333333335,16.4,153.4,10.6,11.92,30.130000000000003,0
2025-06-25 00:00:00,E,463,803,26384.533333333333,16.4,153.4,10.6,11.92,30.130000000000003,0
2025-06-25 00:00:00,W,127,327,7141.783333333334,16.4,153.4,10.6,11.92,30.130000000000003,0
2025-06-26 00:00:00,W,152,240,10033.833333333334,16.4,153.4,10.6,11.92,30.130000000000003,0
2025-06-26 00:00:00,E,357,705,26526.283333333333,16.4,153.4,10.6,11.92,30.130000000000003,0
2025-06-27 00:00:00,W,145,269,7177.916666666667,16.4,153.4,10.6,11.92,30.130000000000003,0
2025-06-27 00:00:00,E,232,780,21098.8,16.4,153.4,10.6,11.92,30.130000000000003,0
2025-06-28 00:00:00,W,109,195,6831.783333333333,17.2,147.6,11.4,12.440000000000001,30.130000000000003,0
2025-06-28 00:00:00,E,502,537,20200.45,17.2,147.6,11.4,12.440000000000001,30.130000000000003,0
2025-06-29 00:00:00,W,146,317,10767.366666666667,14.8,135.6,13.2,13.459999999999999,30.130000000000003,0
2025-06-29 00:00:00,E,518,657,17973.0,14.8,135.6,13.2,13.459999999999999,30.130000000000003,0
2025-06-30 00:00:00,E,356,459,11689.5,16.4,153.4,10.6,11.92,30.130000000000003,0
2025-06-30 00:00:00,W,94,122,2424.2999999999997,16.4,153.4,10.6,11.92,30.130000000000003,0
2025-07-01 00:00:00,E,249,352,5240.666666666667,16.4,153.4,10.6,11.92,30.130000000000003,0
2025-07-01 00:00:00,W,70,113,1908.95,16.4,153.4,10.6,11.92,30.130000000000003,0
2025-07-02 00:00:00,E,322,412,7211.683333333333,16.4,153.4,10.6,11.92,30.130000000000003,0
2025-07-02 00:00:00,W,142,166,3079.75,16.4,153.4,10.6,11.92,30.130000000000003,0
2025-07-03 00:00:00,E,255,493,9030.983333333334,16.4,153.4,10.6,11.92,30.130000000000003,0
2025-07-03 00:00:00,W,106,154,2627.9,16.4,153.4,10.6,11.92,30.130000000000003,0
2025-07-04 00:00:00,E,311,520,11365.05,16.4,153.4,10.6,11.92,30.130000000000003,0
2025-07-04 00:00:00,W,114,135,4185.866666666667,16.4,153.4,10.6,11.92,30.130000000000003,0
2025-07-05 00:00:00,E,234,298,17705.966666666667,17.2,147.6,11.4,12.440000000000001,30.130000000000003,0
2025-07-05 00:00:00,W,169,136,4822.75,17.2,147.6,11.4,12.440000000000001,30.130000000000003,0
2025-07-06 00:00:00,W,100,155,3300.4333333333334,14.8,135.6,13.2,13.459999999999999,30.130000000000003,0
2025-07-06 00:00:00,E,518,577,15667.666666666666,14.8,135.6,13.2,13.459999999999999,30.130000000000003,0
2025-07-07 00:00:00,W,168,158,3162.9333333333334,16.4,153.4,10.6,11.92,30.130000000000003,0
2025-07-07 00:00:00,E,366,451,7071.116666666667,16.4,153.4,10.6,11.92,30.130000000000003,0
2025-07-08 00:00:00,W,107,171,3613.2333333333336,16.4,153.4,10.6,11.92,30.130000000000003,0
2025-07-08 00:00:00,E,281,546,10687.183333333334,16.4,153.4,10.6,11.92,30.130000000000003,0
2025-07-09 00:00:00,W,161,228,5265.416666666666,16.4,153.4,10.6,11.92,30.130000000000003,0
2025-07-09 00:00:00,E,394,758,17881.25,16.4,153.4,10.6,11.92,30.130000000000003,0
2025-07-10 00:00:00,W,100,172,5252.333333333333,16.4,153.4,10.6,11.92,30.130000000000003,0
2025-07-10 00:00:00,E,368,635,15917.9,16.4,153.4,10.6,11.92,30.130000000000003,0
2025-07-11 00:00:00,E,281,580,11470.416666666666,16.4,153.4,10.6,11.92,30.130000000000003,0
2025-07-11 00:00:00,W,91,181,3146.4,16.4,153.4,10.6,11.92,30.130000000000003,0
2025-07-12 00:00:00,W,166,202,6421.716666666667,17.2,147.6,11.4,12.440000000000001,30.130000000000003,0
2025-07-12 00:00:00,E,664,535,20770.266666666666,17.2,147.6,11.4,12.440000000000001,30.130000000000003,0
2025-07-13 00:00:00,E,348,665,21115.116666666665,14.8,135.6,13.2,13.459999999999999,30.130000000000003,0
2025-07-13 00:00:00,W,87,183,4743.383333333333,14.8,135.6,13.2,13.459999999999999,30.130000000000003,0
2025-07-14 00:00:00,W,113,141,2679.9166666666665,16.4,153.4,10.6,11.92,30.130000000000003,0
2025-07-14 00:00:00,E,418,433,14607.516666666666,16.4,153.4,10.6,11.92,30.130000000000003,0
2025-07-15 00:00:00,W,101,155,3853.633333333333,16.4,153.4,10.6,11.92,30.130000000000003,0
2025-07-15 00:00:00,E,282,502,8340.983333333334,16.4,153.4,10.6,11.92,30.130000000000003,0
2025-07-16 00:00:00,E,281,498,15057.433333333332,16.4,153.4,10.6,11.92,30.130000000000003,0
2025-07-16 00:00:00,W,76,169,4184.633333333333,16.4,153.4,10.6,11.92,30.130000000000003,0
2025-07-17 00:00:00,E,481,918,42086.566666666666,16.4,153.4,10.6,11.92,30.130000000000003,0
2025-07-17 00:00:00,W,119,297,10324.933333333332,16.4,153.4,10.6,11.92,30.130000000000003,0
2025-07-18 00:00:00,E,344,793,43951.01666666666,16.4,153.4,10.6,11.92,30.130000000000003,0
2025-07-18 00:00:00,W,115,291,10412.966666666667,16.4,153.4,10.6,11.92,30.130000000000003,0
2025-07-19 00:00:00,W,203,314,19129.18333333333,17.2,147.6,11.4,12.440000000000001,30.130000000000003,0
2025-07-19 00:00:00,E,346,787,44521.46666666667,17.2,147.6,11.4,12.440000000000001,30.130000000000003,0
2025-07-20 00:00:00,W,142,321,12412.1,14.8,135.6,13.2,13.459999999999999,30.130000000000003,0
2025-07-20 00:00:00,E,327,795,33507.96666666667,14.8,135.6,13.2,13.459999999999999,30.130000000000003,0
2025-07-21 00:00:00,W,136,154,2239.15,16.4,153.4,10.6,11.92,30.130000000000003,0
2025-07-21 00:00:00,E,172,330,4435.783333333333,16.4,153.4,10.6,11.92,30.130000000000003,0
2025-07-22 00:00:00,W,111,204,4293.566666666667,16.4,153.4,10.6,11.92,30.130000000000003,0
2025-07-22 00:00:00,E,446,545,10613.8,16.4,153.4,10.6,11.92,30.130000000000003,0
2025-07-23 00:00:00,W,77,257,2044.7833333333333,16.4,153.4,10.6,11.92,30.130000000000003,0
2025-07-23 00:00:00,E,354,902,7612.3,16.4,153.4,10.6,11.92,30.130000000000003,0
2025-07-24 00:00:00,W,79,177,3040.483333333333,16.4,153.4,10.6,11.92,30.130000000000003,0
2025-07-24 00:00:00,E,230,626,8941.516666666666,16.4,153.4,10.6,11.92,30.130000000000003,0
2025-07-25 00:00:00,E,325,785,17940.583333333332,16.4,153.4,10.6,11.92,30.130000000000003,0
2025-07-25 00:00:00,W,145,213,4823.283333333334,16.4,153.4,10.6,11.92,30.130000000000003,0
2025-07-26 00:00:00,W,95,200,3239.35,17.2,147.6,11.4,12.440000000000001,30.130000000000003,0
2025-07-26 00:00:00,E,250,725,15865.783333333333,17.2,147.6,11.4,12.440000000000001,30.130000000000003,0
2025-07-27 00:00:00,E,459,652,24157.2,14.8,135.6,13.2,13.459999999999999,30.130000000000003,0
2025-07-27 00:00:00,W,173,217,6422.099999999999,14.8,135.6,13.2,13.459999999999999,30.130000000000003,0
2025-07-28 00:00:00,W,172,182,5458.183333333333,16.4,153.4,10.6,11.92,30.130000000000003,0
2025-07-28 00:00:00,E,638,708,20095.466666666667,16.4,153.4,10.6,11.92,30.130000000000003,0
2025-07-29 00:00:00,W,117,223,3301.7000000000003,16.4,153.4,10.6,11.92,30.130000000000003,0
2025-07-29 00:00:00,E,387,667,9350.116666666667,16.4,153.4,10.6,11.92,30.130000000000003,0
2025-07-30 00:00:00,W,102,198,3740.5333333333333,16.4,153.4,10.6,11.92,30.130000000000003,0
2025-07-30 00:00:00,E,321,771,10413.366666666667,16.4,153.4,10.6,11.92,30.130000000000003,0
2025-07-31 00:00:00,E,337,808,20948.516666666666,16.4,153.4,10.6,11.92,30.130000000000003,0
2025-07-31 00:00:00,W,153,213,6080.233333333334,16.4,153.4,10.6,11.92,30.130000000000003,0
2025-08-01 00:00:00,W,172,253,10957.383333333333,16.4,153.4,10.6,11.92,30.130000000000003,0
2025-08-01 00:00:00,E,473,994,32953.950000000004,16.4,153.4,10.6,11.92,30.130000000000003,0
2025-08-02 00:00:00,W,191,130,4788.433333333333,17.2,147.6,11.4,12.440000000000001,30.130000000000003,0
2025-08-02 00:00:00,E,558,397,14995.0,17.2,147.6,11.4,12.440000000000001,30.130000000000003,0
2025-08-03 00:00:00,E,709,660,17517.85,14.8,135.6,13.2,13.459999999999999,30.130000000000003,0
2025-08-03 00:00:00,W,151,176,4530.216666666667,14.8,135.6,13.2,13.459999999999999,30.130000000000003,0
2025-08-04 00:00:00,E,557,733,12169.733333333334,16.4,153.4,10.6,11.92,30.130000000000003,0
2025-08-04 00:00:00,W,128,192,2989.4,16.4,153.4,10.6,11.92,30.130000000000003,0
2025-08-05 00:00:00,E,429,560,8248.266666666666,16.4,153.4,10.6,11.92,30.130000000000003,0
2025-08-05 00:00:00,W,135,119,2835.983333333333,16.4,153.4,10.6,11.92,30.130000000000003,0
2025-08-06 00:00:00,E,415,653,16641.016666666666,16.4,153.4,10.6,11.92,30.130000000000003,0
2025-08-06 00:00:00,W,109,156,3882.483333333333,16.4,153.4,10.6,11.92,30.130000000000003,0
2025-08-07 00:00:00,E,424,844,26887.533333333333,16.4,153.4,10.6,11.92,30.130000000000003,0
2025-08-07 00:00:00,W,132,186,6729.083333333333,16.4,153.4,10.6,11.92,30.130000000000003,0
2025-08-08 00:00:00,E,452,815,20947.45,16.4,153.4,10.6,11.92,30.130000000000003,0
2025-08-08 00:00:00,W,157,230,6449.516666666666,16.4,153.4,10.6,11.92,30.130000000000003,0
2025-08-09 00:00:00,E,493,251,7259.400000000001,17.2,147.6,11.4,12.440000000000001,30.130000000000003,0
2025-08-09 00:00:00,W,110,101,2619.5,17.2,147.6,11.4,12.440000000000001,30.130000000000003,0
2025-08-10 00:00:00,W,95,190,3431.15,14.8,135.6,13.2,13.459999999999999,30.130000000000003,0
2025-08-10 00:00:00,E,322,644,12503.983333333334,14.8,135.6,13.2,13.459999999999999,30.130000000000003,0
2025-08-11 00:00:00,W,128,221,3512.7,16.4,153.4,10.6,11.92,30.130000000000003,0
2025-08-11 00:00:00,E,365,475,7444.95,16.4,153.4,10.6,11.92,30.130000000000003,0
2025-08-12 00:00:00,E,465,805,21932.716666666667,16.4,153.4,10.6,11.92,30.130000000000003,0
2025-08-12 00:00:00,W,126,209,5510.916666666667,16.4,153.4,10.6,11.92,30.130000000000003,0
2025-08-13 00:00:00,E,316,677,16477.333333333332,16.4,153.4,10.6,11.92,30.130000000000003,0
2025-08-13 00:00:00,W,81,202,3872.7166666666667,16.4,153.4,10.6,11.92,30.130000000000003,0
2025-08-14 00:00:00,W,134,298,8692.366666666667,16.4,153.4,10.6,11.92,30.130000000000003,0
2025-08-14 00:00:00,E,340,725,23999.016666666666,16.4,153.4,10.6,11.92,30.130000000000003,0
2025-08-15 00:00:00,W,158,270,8842.266666666666,16.4,153.4,10.6,11.92,30.130000000000003,0
2025-08-15 00:00:00,E,335,627,21559.1,16.4,153.4,10.6,11.92,30.130000000000003,0
2025-08-16 00:00:00,E,466,957,29724.566666666666,17.2,147.6,11.4,12.440000000000001,30.130000000000003,0
2025-08-16 00:00:00,W,212,280,14337.883333333333,17.2,147.6,11.4,12.440000000000001,30.130000000000003,0
2025-08-17 00:00:00,E,421,850,26759.966666666667,14.8,135.6,13.2,13.459999999999999,30.130000000000003,0
2025-08-17 00:00:00,W,219,341,10945.6,14.8,135.6,13.2,13.459999999999999,30.130000000000003,0
2025-08-18 00:00:00,E,537,546,11388.433333333332,16.4,153.4,10.6,11.92,30.130000000000003,0
2025-08-18 00:00:00,W,670,436,8650.666666666666,16.4,153.4,10.6,11.92,30.130000000000003,0
2025-08-19 00:00:00,E,512,556,16190.433333333334,16.4,153.4,10.6,11.92,30.130000000000003,0
2025-08-19 00:00:00,W,673,391,11062.216666666667,16.4,153.4,10.6,11.92,30.130000000000003,0
2025-08-20 00:00:00,E,574,472,12390.966666666667,16.4,153.4,10.6,11.92,30.130000000000003,0
2025-08-20 00:00:00,W,1097,411,11137.133333333333,16.4,153.4,10.6,11.92,30.130000000000003,0
2025-08-21 00:00:00,W,707,461,14492.416666666666,16.4,153.4,10.6,11.92,30.130000000000003,0
2025-08-21 00:00:00,E,540,761,21660.033333333333,16.4,153.4,10.6,11.92,30.130000000000003,0
2025-08-22 00:00:00,W,720,447,12447.833333333334,16.4,153.4,10.6,11.92,30.130000000000003,0
2025-08-22 00:00:00,E,623,578,19788.016666666666,16.4,153.4,10.6,11.92,30.130000000000003,0
2025-08-23 00:00:00,W,912,432,17017.333333333332,17.2,147.6,11.4,12.440000000000001,30.130000000000003,0
2025-08-23 00:00:00,E,877,581,38267.450000000004,17.2,147.6,11.4,12.440000000000001,30.130000000000003,0
2025-08-24 00:00:00,W,590,564,17806.333333333332,14.8,135.6,13.2,13.459999999999999,30.130000000000003,0
2025-08-24 00:00:00,E,558,565,38857.916666666664,14.8,135.6,13.2,13.459999999999999,30.130000000000003,0
2025-08-25 00:00:00,W,703,447,11380.233333333334,16.4,153.4,10.6,11.92,30.130000000000003,0
2025-08-25 00:00:00,E,797,660,21807.883333333335,16.4,153.4,10.6,11.92,30.130000000000003,0
2025-08-26 00:00:00,E,540,653,37643.98333333333,16.4,153.4,10.6,11.92,30.130000000000003,0
2025-08-26 00:00:00,W,664,408,17775.016666666666,16.4,153.4,10.6,11.92,30.130000000000003,0
2025-08-27 00:00:00,E,827,700,45611.15,16.4,153.4,10.6,11.92,30.130000000000003,0
2025-08-27 00:00:00,W,866,426,19898.13333333333,16.4,153.4,10.6,11.92,30.130000000000003,0
2025-08-28 00:00:00,W,730,383,12638.05,16.4,153.4,10.6,11.92,30.130000000000003,0
2025-08-28 00:00:00,E,582,502,22934.0,16.4,153.4,10.6,11.92,30.130000000000003,0
2025-08-29 00:00:00,E,354,771,26897.466666666667,16.4,153.4,10.6,11.92,30.130000000000003,0
2025-08-29 00:00:00,W,147,169,6086.650000000001,16.4,153.4,10.6,11.92,30.130000000000003,0
2025-08-30 00:00:00,W,199,155,4159.35,17.2,147.6,11.4,12.440000000000001,30.130000000000003,0
2025-08-30 00:00:00,E,440,304,18588.033333333333,17.2,147.6,11.4,12.440000000000001,30.130000000000003,0
2025-08-31 00:00:00,W,86,194,3893.0333333333333,14.8,135.6,13.2,13.459999999999999,30.130000000000003,0
2025-08-31 00:00:00,E,350,671,25265.0,14.8,135.6,13.2,13.459999999999999,30.130000000000003,0
2025-09-01 00:00:00,W,138,127,2228.366666666667,16.4,153.4,10.6,11.92,30.130000000000003,0
2025-09-01 00:00:00,E,399,366,8601.25,16.4,153.4,10.6,11.92,30.130000000000003,0
2025-09-02 00:00:00,E,549,642,19052.15,16.4,153.4,10.6,11.92,30.130000000000003,0
2025-09-02 00:00:00,W,260,260,6824.55,16.4,153.4,10.6,11.92,30.130000000000003,0
2025-09-03 00:00:00,E,423,607,27427.783333333333,16.4,153.4,10.6,11.92,30.130000000000003,0
2025-09-03 00:00:00,W,323,228,8829.583333333334,16.4,153.4,10.6,11.92,30.130000000000003,0
2025-09-04 00:00:00,E,658,780,27764.716666666667,16.4,153.4,10.6,11.92,30.130000000000003,0
2025-09-04 00:00:00,W,116,242,4426.316666666667,16.4,153.4,10.6,11.92,30.130000000000003,0
2025-09-05 00:00:00,E,349,574,22116.616666666665,16.4,153.4,10.6,11.92,30.130000000000003,0
2025-09-05 00:00:00,W,183,232,6302.083333333333,16.4,153.4,10.6,11.92,30.130000000000003,0
2025-09-06 00:00:00,W,230,279,15754.85,17.2,147.6,11.4,12.440000000000001,30.130000000000003,0
2025-09-06 00:00:00,E,551,631,48148.85,17.2,147.6,11.4,12.440000000000001,30.130000000000003,0
2025-09-07 00:00:00,W,103,233,7285.75,14.8,135.6,13.2,13.459999999999999,30.130000000000003,0
2025-09-07 00:00:00,E,470,737,24848.9,14.8,135.6,13.2,13.459999999999999,30.130000000000003,0
2025-09-08 00:00:00,W,74,124,1668.4333333333334,16.4,153.4,10.6,11.92,30.130000000000003,0
2025-09-08 00:00:00,E,428,482,6421.716666666666,16.4,153.4,10.6,11.92,30.130000000000003,0
2025-09-09 00:00:00,W,146,218,5036.383333333333,16.4,153.4,10.6,11.92,30.130000000000003,0
2025-09-09 00:00:00,E,529,619,12810.933333333332,16.4,153.4,10.6,11.92,30.130000000000003,0
2025-09-10 00:00:00,E,447,491,10653.183333333332,16.4,153.4,10.6,11.92,30.130000000000003,0
2025-09-10 00:00:00,W,124,169,3332.3833333333337,16.4,153.4,10.6,11.92,30.130000000000003,0
2025-09-11 00:00:00,W,113,153,4271.816666666667,16.4,153.4,10.6,11.92,30.130000000000003,0
2025-09-11 00:00:00,E,423,804,18320.233333333334,16.4,153.4,10.6,11.92,30.130000000000003,0
2025-09-12 00:00:00,E,580,659,18889.266666666666,16.4,153.4,10.6,11.92,30.130000000000003,0
2025-09-12 00:00:00,W,138,203,4745.383333333333,16.4,153.4,10.6,11.92,30.130000000000003,0
2025-09-13 00:00:00,E,436,423,10268.866666666667,17.2,147.6,11.4,12.440000000000001,30.130000000000003,0
2025-09-13 00:00:00,W,119,133,4093.75,17.2,147.6,11.4,12.440000000000001,30.130000000000003,0
2025-09-14 00:00:00,E,304,663,15253.483333333334,14.8,135.6,13.2,13.459999999999999,30.130000000000003,0
2025-09-14 00:00:00,W,101,155,2903.866666666667,14.8,135.6,13.2,13.459999999999999,30.130000000000003,0
2025-09-15 00:00:00,E,453,552,4206.433333333333,16.4,153.4,10.6,11.92,30.130000000000003,0
2025-09-15 00:00:00,W,152,175,1998.2,16.4,153.4,10.6,11.92,30.130000000000003,0
2025-09-16 00:00:00,W,139,167,4158.55,16.4,153.4,10.6,11.92,30.130000000000003,0
2025-09-16 00:00:00,E,481,747,15793.666666666668,16.4,153.4,10.6,11.92,30.130000000000003,0
2025-09-17 00:00:00,E,262,426,5373.016666666666,16.4,153.4,10.6,11.92,30.130000000000003,0
2025-09-17 00:00:00,W,101,143,2320.9333333333334,16.4,153.4,10.6,11.92,30.130000000000003,0
2025-09-18 00:00:00,W,130,163,3286.3166666666666,16.4,153.4,10.6,11.92,30.130000000000003,0
2025-09-18 00:00:00,E,269,658,16915.933333333334,16.4,153.4,10.6,11.92,30.130000000000003,0
2025-09-19 00:00:00,W,117,238,4570.383333333333,16.4,153.4,10.6,11.92,30.130000000000003,0
2025-09-19 00:00:00,E,363,732,19139.266666666666,16.4,153.4,10.6,11.92,30.130000000000003,0
2025-09-20 00:00:00,W,180,181,3975.0666666666666,17.2,147.6,11.4,12.440000000000001,30.130000000000003,0
2025-09-20 00:00:00,E,547,500,19809.0,17.2,147.6,11.4,12.440000000000001,30.130000000000003,0
2025-09-21 00:00:00,W,105,176,2159.8333333333335,14.8,135.6,13.2,13.459999999999999,30.130000000000003,0
2025-09-21 00:00:00,E,395,587,12914.699999999999,14.8,135.6,13.2,13.459999999999999,30.130000000000003,0
2025-09-22 00:00:00,E,301,692,4469.216666666666,16.4,153.4,10.6,11.92,30.130000000000003,0
2025-09-22 00:00:00,W,130,226,2145.7,16.4,153.4,10.6,11.92,30.130000000000003,0
2025-09-23 00:00:00,W,122,169,4221.966666666666,16.4,153.4,10.6,11.92,30.130000000000003,0
2025-09-23 00:00:00,E,313,528,15499.95,16.4,153.4,10.6,11.92,30.130000000000003,0
2025-09-24 00:00:00,E,366,589,10632.15,16.4,153.4,10.6,11.92,30.130000000000003,0
2025-09-24 00:00:00,W,114,158,3211.133333333333,16.4,153.4,10.6,11.92,30.130000000000003,0
2025-09-25 00:00:00,E,388,642,15871.95,16.4,153.4,10.6,11.92,30.130000000000003,0
2025-09-25 00:00:00,W,120,187,5317.216666666667,16.4,153.4,10.6,11.92,30.130000000000003,0
2025-09-26 00:00:00,W,89,147,3094.6,16.4,153.4,10.6,11.92,30.130000000000003,0
2025-09-26 00:00:00,E,245,492,11905.916666666666,16.4,153.4,10.6,11.92,30.130000000000003,0
2025-09-27 00:00:00,W,147,178,5141.716666666666,17.2,147.6,11.4,12.440000000000001,30.130000000000003,0
2025-09-27 00:00:00,E,482,322,29067.266666666666,17.2,147.6,11.4,12.440000000000001,30.130000000000003,0
2025-09-28 00:00:00,W,61,103,1589.45,14.8,135.6,13.2,13.459999999999999,30.130000000000003,0
2025-09-28 00:00:00,E,349,459,9548.633333333333,14.8,135.6,13.2,13.459999999999999,30.130000000000003,0
2025-09-29 00:00:00,W,115,140,2739.65,16.4,153.4,10.6,11.92,30.130000000000003,0
2025-09-29 00:00:00,E,407,446,6409.266666666666,16.4,153.4,10.6,11.92,30.130000000000003,0
2025-09-30 00:00:00,E,328,541,9456.516666666666,16.4,153.4,10.6,11.92,30.130000000000003,0
2025-09-30 00:00:00,W,140,163,4278.150000000001,16.4,153.4,10.6,11.92,30.130000000000003,0
2025-10-01 00:00:00,W,120,176,6145.633333333333,16.4,153.4,10.6,11.92,30.130000000000003,0
2025-10-01 00:00:00,E,521,636,19617.916666666668,16.4,153.4,10.6,11.92,30.130000000000003,0
2025-10-02 00:00:00,E,551,523,18474.783333333333,16.4,153.4,10.6,11.92,30.130000000000003,0
2025-10-02 00:00:00,W,203,184,5680.15,16.4,153.4,10.6,11.92,30.130000000000003,0
2025-10-03 00:00:00,E,531,765,13121.566666666668,16.4,153.4,10.6,11.92,30.130000000000003,0
2025-10-03 00:00:00,W,74,160,3172.1833333333334,16.4,153.4,10.6,11.92,30.130000000000003,0
2025-10-04 00:00:00,W,163,184,5158.166666666666,17.2,147.6,11.4,12.440000000000001,30.130000000000003,0
2025-10-04 00:00:00,E,646,665,25750.733333333334,17.2,147.6,11.4,12.440000000000001,30.130000000000003,0
2025-10-05 00:00:00,W,162,304,8344.016666666666,14.8,135.6,13.2,13.459999999999999,30.130000000000003,0
2025-10-05 00:00:00,E,457,417,10860.466666666667,14.8,135.6,13.2,13.459999999999999,30.130000000000003,0
2025-10-06 00:00:00,W,134,147,2577.766666666667,16.4,153.4,10.6,11.92,30.130000000000003,0
2025-10-06 00:00:00,E,391,506,4722.35,16.4,153.4,10.6,11.92,30.130000000000003,0
2025-10-07 00:00:00,E,312,457,8901.366666666667,16.4,153.4,10.6,11.92,30.130000000000003,0
2025-10-07 00:00:00,W,116,142,2870.766666666667,16.4,153.4,10.6,11.92,30.130000000000003,0
2025-10-08 00:00:00,E,579,750,21725.55,16.4,153.4,10.6,11.92,30.130000000000003,0
2025-10-08 00:00:00,W,164,220,7054.5,16.4,153.4,10.6,11.92,30.130000000000003,0
2025-10-09 00:00:00,W,148,197,5517.983333333334,16.4,153.4,10.6,11.92,30.130000000000003,0
2025-10-09 00:00:00,E,309,726,13705.416666666666,16.4,153.4,10.6,11.92,30.130000000000003,0
2025-10-10 00:00:00,W,138,149,3837.4333333333334,16.4,153.4,10.6,11.92,30.130000000000003,0
2025-10-10 00:00:00,E,407,423,9449.883333333333,16.4,153.4,10.6,11.92,30.130000000000003,0
2025-10-11 00:00:00,W,122,65,907.3666666666667,17.2,147.6,11.4,12.440000000000001,30.130000000000003,0
2025-10-11 00:00:00,E,312,213,2477.9166666666665,17.2,147.6,11.4,12.440000000000001,30.130000000000003,0
2025-10-12 00:00:00,W,38,160,747.6,16.6,158.2,7.8,12.42,32.49,1
2025-10-12 00:00:00,E,72,734,1288.8500000000001,16.6,158.2,7.8,12.42,32.49,1
2025-10-13 00:00:00,E,161,911,3273.9666666666667,16.4,153.4,10.6,11.92,30.130000000000003,0
2025-10-13 00:00:00,W,43,207,428.91666666666663,16.4,153.4,10.6,11.92,30.130000000000003,0
2025-10-14 00:00:00,W,58,151,1685.9166666666665,19.2,180.4,11.6,10.88,32.49,1
2025-10-14 00:00:00,E,366,531,4928.900000000001,19.2,180.4,11.6,10.88,32.49,1
2025-10-15 00:00:00,W,64,110,1963.75,19.2,180.4,11.6,10.88,32.49,1
2025-10-15 00:00:00,E,344,268,5166.7,19.2,180.4,11.6,10.88,32.49,1
2025-10-16 00:00:00,E,431,501,6930.883333333333,19.2,180.4,11.6,10.88,32.49,1
2025-10-16 00:00:00,W,78,90,2092.85,19.2,180.4,11.6,10.88,32.49,1
2025-10-17 00:00:00,W,60,145,3151.2666666666664,19.2,180.4,11.6,10.88,32.49,1
2025-10-17 00:00:00,E,445,603,10707.683333333334,19.2,180.4,11.6,10.88,32.49,1
2025-10-18 00:00:00,W,76,113,2636.733333333333,19.4,170.4,9.0,11.6,32.49,1
2025-10-18 00:00:00,E,547,463,9843.116666666667,19.4,170.4,9.0,11.6,32.49,1
2025-10-19 00:00:00,W,77,134,4682.433333333333,16.6,158.2,7.8,12.42,32.49,1
2025-10-19 00:00:00,E,321,625,13533.75,16.6,158.2,7.8,12.42,32.49,1
2025-10-20 00:00:00,W,56,66,1117.8166666666666,19.2,180.4,11.6,10.88,32.49,1
2025-10-20 00:00:00,E,348,281,3472.066666666667,19.2,180.4,11.6,10.88,32.49,1
2025-10-21 00:00:00,E,381,365,12689.1,19.2,180.4,11.6,10.88,32.49,1
2025-10-21 00:00:00,W,121,112,3844.4666666666667,19.2,180.4,11.6,10.88,32.49,1
2025-10-22 00:00:00,W,103,110,4376.433333333333,19.2,180.4,11.6,10.88,32.49,1
2025-10-22 00:00:00,E,260,492,15133.75,19.2,180.4,11.6,10.88,32.49,1
2025-10-23 00:00:00,W,61,93,1963.6833333333334,19.2,180.4,11.6,10.88,32.49,1
2025-10-23 00:00:00,E,297,370,10027.733333333334,19.2,180.4,11.6,10.88,32.49,1
2025-10-24 00:00:00,W,81,124,3469.766666666667,19.2,180.4,11.6,10.88,32.49,1
2025-10-24 00:00:00,E,258,468,16580.266666666666,19.2,180.4,11.6,10.88,32.49,1
2025-10-25 00:00:00,E,373,175,22435.916666666664,19.4,170.4,9.0,11.6,32.49,1
2025-10-25 00:00:00,W,74,69,256.05,19.4,170.4,9.0,11.6,32.49,1
2025-10-26 00:00:00,W,57,85,39.31666666666667,16.6,158.2,7.8,12.42,32.49,1
2025-10-26 00:00:00,E,415,272,13937.25,16.6,158.2,7.8,12.42,32.49,1
2025-10-27 00:00:00,W,82,83,999.6333333333333,19.2,180.4,11.6,10.88,32.49,1
2025-10-27 00:00:00,E,434,348,1867.6,19.2,180.4,11.6,10.88,32.49,1
2025-10-28 00:00:00,W,79,119,2169.0,19.2,180.4,11.6,10.88,32.49,1
2025-10-28 00:00:00,E,450,541,6543.15,19.2,180.4,11.6,10.88,32.49,1
2025-10-29 00:00:00,E,261,254,2644.7166666666667,19.2,180.4,11.6,10.88,32.49,1
2025-10-29 00:00:00,W,81,92,1046.7333333333333,19.2,180.4,11.6,10.88,32.49,1
2025-10-30 00:00:00,E,296,425,13499.7,19.2,180.4,11.6,10.88,32.49,1
2025-10-30 00:00:00,W,82,104,3242.1,19.2,180.4,11.6,10.88,32.49,1
2025-10-31 00:00:00,W,69,99,4129.033333333333,19.2,180.4,11.6,10.88,32.49,1
2025-10-31 00:00:00,E,297,441,14474.683333333332,19.2,180.4,11.6,10.88,32.49,1
2025-11-01 00:00:00,W,99,96,2319.65,19.4,170.4,9.0,11.6,32.49,1
2025-11-01 00:00:00,E,474,318,6417.9,19.4,170.4,9.0,11.6,32.49,1
2025-11-02 00:00:00,E,328,378,3446.9500000000003,16.6,158.2,7.8,12.42,32.49,1
2025-11-02 00:00:00,W,63,88,1197.1833333333332,16.6,158.2,7.8,12.42,32.49,1
2025-11-03 00:00:00,E,552,600,9971.1,19.2,180.4,11.6,10.88,32.49,1
2025-11-03 00:00:00,W,125,182,5315.733333333334,19.2,180.4,11.6,10.88,32.49,1
2025-11-04 00:00:00,E,278,284,4253.15,19.2,180.4,11.6,10.88,32.49,1
2025-11-04 00:00:00,W,85,92,1976.4333333333334,19.2,180.4,11.6,10.88,32.49,1
2025-11-05 00:00:00,W,100,147,4283.150000000001,19.2,180.4,11.6,10.88,32.49,1
2025-11-05 00:00:00,E,454,553,9393.566666666668,19.2,180.4,11.6,10.88,32.49,1
2025-11-06 00:00:00,W,94,117,2010.9833333333333,19.2,180.4,11.6,10.88,32.49,1
2025-11-06 00:00:00,E,379,445,6564.966666666666,19.2,180.4,11.6,10.88,32.49,1
2025-11-07 00:00:00,W,56,112,2257.383333333333,19.2,180.4,11.6,10.88,32.49,1
2025-11-07 00:00:00,E,279,425,6326.716666666667,19.2,180.4,11.6,10.88,32.49,1
2025-11-08 00:00:00,W,110,89,1832.0833333333333,19.4,170.4,9.0,11.6,32.49,1
2025-11-08 00:00:00,E,261,333,5301.0,19.4,170.4,9.0,11.6,32.49,1
2025-11-09 00:00:00,E,286,229,3926.5499999999997,16.6,158.2,7.8,12.42,32.49,1
2025-11-09 00:00:00,W,54,85,1116.6333333333332,16.6,158.2,7.8,12.42,32.49,1
2025-11-10 00:00:00,E,309,193,1853.1,19.2,180.4,11.6,10.88,32.49,1
2025-11-10 00:00:00,W,76,64,788.6833333333333,19.2,180.4,11.6,10.88,32.49,1
2025-11-11 00:00:00,E,299,257,1931.9166666666665,19.2,180.4,11.6,10.88,32.49,1
2025-11-11 00:00:00,W,72,59,1384.7,19.2,180.4,11.6,10.88,32.49,1
2025-11-12 00:00:00,W,105,86,2490.15,19.2,180.4,11.6,10.88,32.49,1
2025-11-12 00:00:00,E,436,396,9544.05,19.2,180.4,11.6,10.88,32.49,1
2025-11-13 00:00:00,W,75,95,1708.85,19.2,180.4,11.6,10.88,32.49,1
2025-11-13 00:00:00,E,277,320,4550.133333333333,19.2,180.4,11.6,10.88,32.49,1
2025-11-14 00:00:00,E,305,339,8405.166666666666,19.2,180.4,11.6,10.88,32.49,1
2025-11-14 00:00:00,W,58,115,2214.7833333333333,19.2,180.4,11.6,10.88,32.49,1
2025-11-15 00:00:00,E,422,317,4747.4,19.4,170.4,9.0,11.6,32.49,1
2025-11-15 00:00:00,W,85,68,1731.7666666666667,19.4,170.4,9.0,11.6,32.49,1
2025-11-16 00:00:00,E,401,554,8813.966666666667,16.6,158.2,7.8,12.42,32.49,1
2025-11-16 00:00:00,W,75,105,1904.7333333333333,16.6,158.2,7.8,12.42,32.49,1
2025-11-17 00:00:00,E,406,247,11384.816666666666,19.2,180.4,11.6,10.88,32.49,1
2025-11-17 00:00:00,W,131,116,2042.5666666666666,19.2,180.4,11.6,10.88,32.49,1
2025-11-18 00:00:00,W,152,102,2593.65,19.2,180.4,11.6,10.88,32.49,1
2025-11-18 00:00:00,E,626,290,18843.583333333332,19.2,180.4,11.6,10.88,32.49,1
2025-11-19 00:00:00,W,149,166,4358.266666666666,19.2,180.4,11.6,10.88,32.49,1
2025-11-19 00:00:00,E,737,691,19148.6,19.2,180.4,11.6,10.88,32.49,1
2025-11-20 00:00:00,W,160,142,4449.566666666667,19.2,180.4,11.6,10.88,32.49,1
2025-11-20 00:00:00,E,504,477,13033.033333333333,19.2,180.4,11.6,10.88,32.49,1
2025-11-21 00:00:00,W,120,123,2805.25,19.2,180.4,11.6,10.88,32.49,1
2025-11-21 00:00:00,E,529,471,10587.1,19.2,180.4,11.6,10.88,32.49,1
2025-11-22 00:00:00,W,118,91,4033.5,19.4,170.4,9.0,11.6,32.49,1
2025-11-22 00:00:00,E,600,252,15516.933333333334,19.4,170.4,9.0,11.6,32.49,1
2025-11-23 00:00:00,W,101,151,8338.1,16.6,158.2,7.8,12.42,32.49,1
2025-11-23 00:00:00,E,461,604,30705.516666666666,16.6,158.2,7.8,12.42,32.49,1
2025-11-24 00:00:00,W,144,74,1045.4833333333333,19.2,180.4,11.6,10.88,32.49,1
2025-11-24 00:00:00,E,595,245,2481.85,19.2,180.4,11.6,10.88,32.49,1
2025-11-25 00:00:00,W,101,113,3694.7666666666664,19.2,180.4,11.6,10.88,32.49,1
2025-11-25 00:00:00,E,584,364,9720.766666666666,19.2,180.4,11.6,10.88,32.49,1
2025-11-26 00:00:00,E,426,424,8838.433333333334,19.2,180.4,11.6,10.88,32.49,1
2025-11-26 00:00:00,W,115,113,4956.716666666667,19.2,180.4,11.6,10.88,32.49,1
2025-11-27 00:00:00,W,141,78,3224.5333333333333,19.2,180.4,11.6,10.88,32.49,1
2025-11-27 00:00:00,E,524,285,6858.05,19.2,180.4,11.6,10.88,32.49,1
2025-11-28 00:00:00,W,120,104,3453.4,19.2,180.4,11.6,10.88,32.49,1
2025-11-28 00:00:00,E,494,386,6417.05,19.2,180.4,11.6,10.88,32.49,1
2025-11-29 00:00:00,E,623,500,21335.88333333333,19.4,170.4,9.0,11.6,32.49,1
2025-11-29 00:00:00,W,158,139,10857.75,19.4,170.4,9.0,11.6,32.49,1
2025-11-30 00:00:00,E,546,479,17576.65,16.6,158.2,7.8,12.42,32.49,1
2025-11-30 00:00:00,W,113,117,7795.616666666667,16.6,158.2,7.8,12.42,32.49,1
2025-12-01 00:00:00,W,108,90,4174.966666666666,19.2,180.4,11.6,10.88,32.49,1
2025-12-01 00:00:00,E,642,384,6087.9,19.2,180.4,11.6,10.88,32.49,1
2025-12-02 00:00:00,E,464,302,5524.15,19.2,180.4,11.6,10.88,32.49,1
2025-12-02 00:00:00,W,73,133,2647.3999999999996,19.2,180.4,11.6,10.88,32.49,1
2025-12-03 00:00:00,E,518,362,4998.516666666666,19.2,180.4,11.6,10.88,32.49,1
2025-12-03 00:00:00,W,160,58,1514.9333333333334,19.2,180.4,11.6,10.88,32.49,1
2025-12-04 00:00:00,W,126,64,1258.1833333333334,19.2,180.4,11.6,10.88,32.49,1
2025-12-04 00:00:00,E,569,391,4160.216666666666,19.2,180.4,11.6,10.88,32.49,1
2025-12-05 00:00:00,E,307,548,6713.416666666666,19.2,180.4,11.6,10.88,32.49,1
2025-12-05 00:00:00,W,77,171,1983.4333333333334,19.2,180.4,11.6,10.88,32.49,1
2025-12-06 00:00:00,W,115,111,4292.783333333334,19.4,170.4,9.0,11.6,32.49,1
2025-12-06 00:00:00,E,369,328,14614.733333333334,19.4,170.4,9.0,11.6,32.49,1
2025-12-07 00:00:00,W,60,130,1421.7666666666667,16.6,158.2,7.8,12.42,32.49,1
2025-12-07 00:00:00,E,471,518,5852.15,16.6,158.2,7.8,12.42,32.49,1
2025-12-08 00:00:00,E,349,344,3747.9166666666665,19.2,180.4,11.6,10.88,32.49,1
2025-12-08 00:00:00,W,96,104,1634.3333333333333,19.2,180.4,11.6,10.88,32.49,1
2025-12-09 00:00:00,E,376,423,8175.0,19.2,180.4,11.6,10.88,32.49,1
2025-12-09 00:00:00,W,104,139,2551.866666666667,19.2,180.4,11.6,10.88,32.49,1
2025-12-10 00:00:00,E,532,445,6230.116666666667,19.2,180.4,11.6,10.88,32.49,1
2025-12-10 00:00:00,W,128,116,2072.0666666666666,19.2,180.4,11.6,10.88,32.49,1
2025-12-11 00:00:00,W,109,123,3459.35,19.2,180.4,11.6,10.88,32.49,1
2025-12-11 00:00:00,E,449,425,10711.25,19.2,180.4,11.6,10.88,32.49,1
2025-12-12 00:00:00,E,343,434,8291.533333333333,19.2,180.4,11.6,10.88,32.49,1
2025-12-12 00:00:00,W,70,132,3454.483333333333,19.2,180.4,11.6,10.88,32.49,1
2025-12-13 00:00:00,E,434,300,15960.25,19.4,170.4,9.0,11.6,32.49,1
2025-12-13 00:00:00,W,97,106,3981.0333333333333,19.4,170.4,9.0,11.6,32.49,1
2025-12-14 00:00:00,W,94,111,2479.5333333333333,16.6,158.2,7.8,12.42,32.49,1
2025-12-14 00:00:00,E,500,417,10884.283333333335,16.6,158.2,7.8,12.42,32.49,1
2025-12-15 00:00:00,W,122,68,818.7666666666667,19.2,180.4,11.6,10.88,32.49,1
2025-12-15 00:00:00,E,369,300,2271.85,19.2,180.4,11.6,10.88,32.49,1
2025-12-16 00:00:00,E,295,265,2662.0499999999997,19.2,180.4,11.6,10.88,32.49,1
2025-12-16 00:00:00,W,87,106,1208.0833333333335,19.2,180.4,11.6,10.88,32.49,1
2025-12-17 00:00:00,W,56,168,2457.55,19.2,180.4,11.6,10.88,32.49,1
2025-12-17 00:00:00,E,283,633,8200.583333333334,19.2,180.4,11.6,10.88,32.49,1
2025-12-18 00:00:00,W,81,129,3148.6833333333334,19.2,180.4,11.6,10.88,32.49,1
2025-12-18 00:00:00,E,476,558,8869.066666666668,19.2,180.4,11.6,10.88,32.49,1
2025-12-19 00:00:00,W,218,282,7097.7,19.2,180.4,11.6,10.88,32.49,1
2025-12-19 00:00:00,E,779,924,25504.55,19.2,180.4,11.6,10.88,32.49,1
2025-12-20 00:00:00,E,0,0,0.0,19.4,170.4,9.0,11.6,32.49,1
2025-12-20 00:00:00,W,0,0,0.0,19.4,170.4,9.0,11.6,32.49,1
2025-12-21 00:00:00,E,0,0,0.0,14.8,135.6,12.4,14.52,32.49,0
2025-12-21 00:00:00,W,0,0,0.0,14.8,135.6,12.4,14.52,32.49,0
2025-12-22 00:00:00,E,0,0,0.0,16.4,155.6,8.4,12.68,32.49,0
2025-12-22 00:00:00,W,0,0,0.0,16.4,155.6,8.4,12.68,32.49,0
2025-12-23 00:00:00,W,0,0,0.0,16.4,155.6,8.4,12.68,32.49,0
2025-12-23 00:00:00,E,0,0,0.0,16.4,155.6,8.4,12.68,32.49,0
2025-12-24 00:00:00,W,0,0,0.0,16.4,155.6,8.4,12.68,32.49,0
2025-12-24 00:00:00,E,0,0,0.0,16.4,155.6,8.4,12.68,32.49,0
2025-12-25 00:00:00,W,0,0,0.0,16.4,155.6,8.4,12.68,32.49,0
2025-12-25 00:00:00,E,0,0,0.0,16.4,155.6,8.4,12.68,32.49,0
2025-12-26 00:00:00,W,0,0,0.0,16.4,155.6,8.4,12.68,32.49,0
2025-12-26 00:00:00,E,0,0,0.0,16.4,155.6,8.4,12.68,32.49,0
2025-12-27 00:00:00,W,0,0,0.0,19.4,170.4,9.0,11.6,32.49,1
2025-12-27 00:00:00,E,0,0,0.0,19.4,170.4,9.0,11.6,32.49,1
2025-12-28 00:00:00,E,0,0,0.0,14.8,135.6,12.4,14.52,32.49,0
2025-12-28 00:00:00,W,0,0,0.0,14.8,135.6,12.4,14.52,32.49,0
2025-12-29 00:00:00,E,0,0,0.0,16.4,155.6,8.4,12.68,32.49,0
2025-12-29 00:00:00,W,0,0,0.0,16.4,155.6,8.4,12.68,32.49,0
2025-12-30 00:00:00,E,0,0,0.0,16.4,155.6,8.4,12.68,32.49,0
2025-12-30 00:00:00,W,0,0,0.0,16.4,155.6,8.4,12.68,32.49,0
2025-12-31 00:00:00,E,0,0,0.0,16.4,155.6,8.4,12.68,32.49,0
2025-12-31 00:00:00,W,0,0,0.0,16.4,155.6,8.4,12.68,32.49,0
2026-01-01 00:00:00,W,0,0,0.0,16.4,155.6,8.4,12.68,32.49,0
2026-01-01 00:00:00,E,0,0,0.0,16.4,155.6,8.4,12.68,32.49,0
2026-01-02 00:00:00,E,30,31,59.7,16.4,155.6,8.4,12.68,32.49,0
2026-01-02 00:00:00,W,20,7,20.116666666666667,16.4,155.6,8.4,12.68,32.49,0
2026-01-03 00:00:00,W,143,76,993.1666666666666,19.4,170.4,9.0,11.6,32.49,1
2026-01-03 00:00:00,E,388,162,1878.5666666666666,19.4,170.4,9.0,11.6,32.49,1
2026-01-04 00:00:00,E,124,141,3656.8333333333335,14.8,135.6,12.4,14.52,32.49,0
2026-01-04 00:00:00,W,64,34,1012.7333333333333,14.8,135.6,12.4,14.52,32.49,0
2026-01-05 00:00:00,E,236,358,5517.633333333333,16.4,155.6,8.4,12.68,32.49,0
2026-01-05 00:00:00,W,120,142,1865.3333333333335,16.4,155.6,8.4,12.68,32.49,0
2026-01-06 00:00:00,W,142,179,2889.3166666666666,16.4,155.6,8.4,12.68,32.49,0
2026-01-06 00:00:00,E,304,439,5744.583333333333,16.4,155.6,8.4,12.68,32.49,0
2026-01-07 00:00:00,E,283,346,5866.150000000001,16.4,155.6,8.4,12.68,32.49,0
2026-01-07 00:00:00,W,130,160,3749.6333333333337,16.4,155.6,8.4,12.68,32.49,0
2026-01-08 00:00:00,W,152,144,2065.516666666667,16.4,155.6,8.4,12.68,32.49,0
2026-01-08 00:00:00,E,335,460,5519.55,16.4,155.6,8.4,12.68,32.49,0
2026-01-09 00:00:00,W,111,159,3209.016666666667,16.4,155.6,8.4,12.68,32.49,0
2026-01-09 00:00:00,E,325,338,6845.316666666667,16.4,155.6,8.4,12.68,32.49,0
2026-01-10 00:00:00,E,454,272,5612.016666666666,19.4,170.4,9.0,11.6,32.49,1
2026-01-10 00:00:00,W,195,158,3069.483333333333,19.4,170.4,9.0,11.6,32.49,1
2026-01-11 00:00:00,W,71,103,2300.1666666666665,14.8,135.6,12.4,14.52,32.49,0
2026-01-11 00:00:00,E,446,277,5814.7,14.8,135.6,12.4,14.52,32.49,0
2026-01-12 00:00:00,E,473,449,4972.333333333334,16.4,155.6,8.4,12.68,32.49,0
2026-01-12 00:00:00,W,145,167,1700.2333333333333,16.4,155.6,8.4,12.68,32.49,0
2026-01-13 00:00:00,E,365,440,6832.433333333333,16.4,155.6,8.4,12.68,32.49,0
2026-01-13 00:00:00,W,159,172,3443.5166666666664,16.4,155.6,8.4,12.68,32.49,0
2026-01-14 00:00:00,W,161,136,2835.15,16.4,155.6,8.4,12.68,32.49,0
2026-01-14 00:00:00,E,357,343,7713.383333333333,16.4,155.6,8.4,12.68,32.49,0
2026-01-15 00:00:00,E,1011,973,31975.766666666666,16.4,155.6,8.4,12.68,32.49,0
2026-01-15 00:00:00,W,334,367,13837.216666666667,16.4,155.6,8.4,12.68,32.49,0
2026-01-16 00:00:00,W,214,307,10902.366666666667,16.4,155.6,8.4,12.68,32.49,0
2026-01-16 00:00:00,E,635,870,32093.36666666667,16.4,155.6,8.4,12.68,32.49,0
2026-01-17 00:00:00,W,187,155,5054.283333333334,19.4,170.4,9.0,11.6,32.49,1
2026-01-17 00:00:00,E,539,414,12646.916666666668,19.4,170.4,9.0,11.6,32.49,1
2026-01-18 00:00:00,E,364,570,14395.066666666668,14.8,135.6,12.4,14.52,32.49,0
2026-01-18 00:00:00,W,93,198,3823.55,14.8,135.6,12.4,14.52,32.49,0
2026-01-19 00:00:00,E,349,454,6972.633333333333,16.4,155.6,8.4,12.68,32.49,0
2026-01-19 00:00:00,W,71,148,2020.3333333333333,16.4,155.6,8.4,12.68,32.49,0
2026-01-20 00:00:00,E,323,478,10323.316666666666,16.4,155.6,8.4,12.68,32.49,0
2026-01-20 00:00:00,W,155,184,4511.166666666667,16.4,155.6,8.4,12.68,32.49,0
2026-01-21 00:00:00,E,445,634,15492.400000000001,16.4,155.6,8.4,12.68,32.49,0
2026-01-21 00:00:00,W,171,240,6869.833333333333,16.4,155.6,8.4,12.68,32.49,0
2026-01-22 00:00:00,E,412,511,12821.75,16.4,155.6,8.4,12.68,32.49,0
2026-01-22 00:00:00,W,160,178,4449.116666666667,16.4,155.6,8.4,12.68,32.49,0
2026-01-23 00:00:00,E,400,467,9794.433333333334,16.4,155.6,8.4,12.68,32.49,0
2026-01-23 00:00:00,W,150,198,3070.116666666667,16.4,155.6,8.4,12.68,32.49,0
2026-01-24 00:00:00,W,185,128,3482.633333333333,19.4,170.4,9.0,11.6,32.49,1
2026-01-24 00:00:00,E,518,232,7043.516666666666,19.4,170.4,9.0,11.6,32.49,1
2026-01-25 00:00:00,E,780,895,31246.883333333335,14.8,135.6,12.4,14.52,32.49,0
2026-01-25 00:00:00,W,161,269,9484.9,14.8,135.6,12.4,14.52,32.49,0
2026-01-26 00:00:00,W,347,410,24858.766666666666,16.4,155.6,8.4,12.68,32.49,0
2026-01-26 00:00:00,E,931,1209,71860.40000000001,16.4,155.6,8.4,12.68,32.49,0
2026-01-27 00:00:00,E,312,971,31920.3,16.4,155.6,8.4,12.68,32.49,0
2026-01-27 00:00:00,W,186,409,17615.483333333334,16.4,155.6,8.4,12.68,32.49,0
2026-01-28 00:00:00,W,255,349,17399.266666666666,16.4,155.6,8.4,12.68,32.49,0
2026-01-28 00:00:00,E,425,1015,45157.73333333334,16.4,155.6,8.4,12.68,32.49,0
2026-01-29 00:00:00,E,511,1056,42318.86666666667,16.4,155.6,8.4,12.68,32.49,0
2026-01-29 00:00:00,W,276,448,15765.783333333333,16.4,155.6,8.4,12.68,32.49,0
2026-01-30 00:00:00,E,519,1126,39839.28333333333,16.4,155.6,8.4,12.68,32.49,0
2026-01-30 00:00:00,W,297,397,16175.916666666666,16.4,155.6,8.4,12.68,32.49,0
2026-01-31 00:00:00,E,585,688,33255.933333333334,19.4,170.4,9.0,11.6,32.49,1
2026-01-31 00:00:00,W,250,248,14629.333333333334,19.4,170.4,9.0,11.6,32.49,1
2026-02-01 00:00:00,W,135,250,8547.183333333334,14.8,135.6,12.4,14.52,32.49,0
2026-02-01 00:00:00,E,421,685,29240.516666666666,14.8,135.6,12.4,14.52,32.49,0
2026-02-02 00:00:00,W,52,117,1570.3666666666666,16.4,155.6,8.4,12.68,32.49,0
2026-02-02 00:00:00,E,208,344,3433.3166666666666,16.4,155.6,8.4,12.68,32.49,0
2026-02-03 00:00:00,W,115,267,7457.133333333333,16.4,155.6,8.4,12.68,32.49,0
2026-02-03 00:00:00,E,321,714,16931.416666666668,16.4,155.6,8.4,12.68,32.49,0
2026-02-04 00:00:00,E,420,954,12893.4,16.4,155.6,8.4,12.68,32.49,0
2026-02-04 00:00:00,W,162,354,3677.116666666667,16.4,155.6,8.4,12.68,32.49,0
2026-02-05 00:00:00,W,153,200,6228.033333333334,16.4,155.6,8.4,12.68,32.49,0
2026-02-05 00:00:00,E,512,633,19266.333333333332,16.4,155.6,8.4,12.68,32.49,0
2026-02-06 00:00:00,E,501,500,22628.65,16.4,155.6,8.4,12.68,32.49,0
2026-02-06 00:00:00,W,135,211,6467.916666666667,16.4,155.6,8.4,12.68,32.49,0
2026-02-07 00:00:00,W,147,111,1449.85,19.4,170.4,9.0,11.6,32.49,1
2026-02-07 00:00:00,E,536,412,3126.5833333333335,19.4,170.4,9.0,11.6,32.49,1
2026-02-08 00:00:00,W,85,140,2733.2999999999997,14.8,135.6,12.4,14.52,32.49,0
2026-02-08 00:00:00,E,405,466,10124.816666666668,14.8,135.6,12.4,14.52,32.49,0
2026-02-09 00:00:00,E,330,349,5482.95,16.4,155.6,8.4,12.68,32.49,0
2026-02-09 00:00:00,W,85,117,1984.3000000000002,16.4,155.6,8.4,12.68,32.49,0
2026-02-10 00:00:00,W,148,243,6028.083333333333,16.4,155.6,8.4,12.68,32.49,0
2026-02-10 00:00:00,E,336,619,13573.733333333334,16.4,155.6,8.4,12.68,32.49,0
2026-02-11 00:00:00,W,136,211,5244.7,16.4,155.6,8.4,12.68,32.49,0
2026-02-11 00:00:00,E,318,505,10656.383333333333,16.4,155.6,8.4,12.68,32.49,0
2026-02-12 00:00:00,W,120,116,4123.216666666667,16.4,155.6,8.4,12.68,32.49,0
2026-02-12 00:00:00,E,302,401,9959.116666666667,16.4,155.6,8.4,12.68,32.49,0
2026-02-13 00:00:00,W,117,246,7256.1,16.4,155.6,8.4,12.68,32.49,0
2026-02-13 00:00:00,E,417,669,23242.283333333333,16.4,155.6,8.4,12.68,32.49,0
2026-02-14 00:00:00,E,462,333,17276.333333333332,19.4,170.4,9.0,11.6,32.49,1
2026-02-14 00:00:00,W,184,152,6472.266666666666,19.4,170.4,9.0,11.6,32.49,1
2026-02-15 00:00:00,E,258,372,9803.266666666666,14.8,135.6,12.4,14.52,32.49,0
2026-02-15 00:00:00,W,97,105,2859.6499999999996,14.8,135.6,12.4,14.52,32.49,0
2026-02-16 00:00:00,W,136,178,2107.133333333333,16.4,155.6,8.4,12.68,32.49,0
2026-02-16 00:00:00,E,313,392,6611.816666666667,16.4,155.6,8.4,12.68,32.49,0
2026-02-17 00:00:00,W,93,198,5785.083333333333,16.4,155.6,8.4,12.68,32.49,0
2026-02-17 00:00:00,E,325,558,8421.133333333333,16.4,155.6,8.4,12.68,32.49,0
2026-02-18 00:00:00,W,218,297,7535.083333333333,16.4,155.6,8.4,12.68,32.49,0
2026-02-18 00:00:00,E,753,917,21847.61666666667,16.4,155.6,8.4,12.68,32.49,0
2026-02-19 00:00:00,W,106,195,4699.716666666667,16.4,155.6,8.4,12.68,32.49,0
2026-02-19 00:00:00,E,323,491,8784.733333333334,16.4,155.6,8.4,12.68,32.49,0
2026-02-20 00:00:00,W,101,131,3262.0333333333333,16.4,155.6,8.4,12.68,32.49,0
2026-02-20 00:00:00,E,281,401,10786.333333333334,16.4,155.6,8.4,12.68,32.49,0
2026-02-21 00:00:00,W,129,86,3470.516666666667,19.4,170.4,9.0,11.6,32.49,1
2026-02-21 00:00:00,E,446,288,6227.866666666667,19.4,170.4,9.0,11.6,32.49,1
2026-02-22 00:00:00,W,93,105,1971.3333333333335,14.8,135.6,12.4,14.52,32.49,0
2026-02-22 00:00:00,E,377,394,9273.566666666666,14.8,135.6,12.4,14.52,32.49,0
2026-02-23 00:00:00,W,149,180,3229.733333333333,16.4,155.6,8.4,12.68,32.49,0
2026-02-23 00:00:00,E,365,480,7890.716666666666,16.4,155.6,8.4,12.68,32.49,0
2026-02-24 00:00:00,W,182,205,6511.816666666667,16.4,155.6,8.4,12.68,32.49,0
2026-02-24 00:00:00,E,346,528,11748.316666666666,16.4,155.6,8.4,12.68,32.49,0
2026-02-25 00:00:00,W,126,172,3780.2666666666664,16.4,155.6,8.4,12.68,32.49,0
2026-02-25 00:00:00,E,410,469,9149.233333333334,16.4,155.6,8.4,12.68,32.49,0
2026-02-26 00:00:00,W,118,187,4253.983333333334,16.4,155.6,8.4,12.68,32.49,0
2026-02-26 00:00:00,E,324,445,8788.433333333332,16.4,155.6,8.4,12.68,32.49,0
2026-02-27 00:00:00,E,380,735,16126.216666666665,16.4,155.6,8.4,12.68,32.49,0
2026-02-27 00:00:00,W,155,257,6996.233333333333,16.4,155.6,8.4,12.68,32.49,0
