,Time,Vehicle,Gap,Headway,Schedule,Destination,day,day of the week,stop,stopID
0,4:51:14AM (sched),,,,Scheduled at 4:51:14AM,506 Carlton High Park,2024-07-30,1,Main St at Danforth Ave,7518
1,5:11:14AM (sched),,,20:00,Scheduled at 5:11:14AM,506 Carlton High Park,2024-07-30,1,Main St at Danforth Ave,7518
2,5:26:14AM (sched),,,15:00,Scheduled at 5:26:14AM,506 Carlton High Park,2024-07-30,1,Main St at Danforth Ave,7518
3,4:52:36AM,4581.0,,,1:22 behind 4:51:14AM,506 Carlton High Park,2024-07-31,2,Main St at Danforth Ave,7518
4,5:11:25AM,4618.0,18:49,20:00,0:11 behind 5:11:14AM,506 Carlton High Park,2024-07-31,2,Main St at Danforth Ave,7518
5,5:28:18AM,4574.0,16:53,20:00,2:04 behind 5:26:14AM,506 Carlton High Park,2024-07-31,2,Main St at Danforth Ave,7518
6,4:52:18AM,4492.0,,,1:04 behind 4:51:14AM,West to High Park,2024-08-01,3,Main St at Danforth Ave,7518
7,5:12:57AM,4466.0,20:39,20:00,1:43 behind 5:11:14AM,West to High Park,2024-08-01,3,Main St at Danforth Ave,7518
8,5:25:43AM - 5:26:13AM,4574.0,12:46,20:00,0:31 ahead of 5:26:14AM,West to High Park,2024-08-01,3,Main St at Danforth Ave,7518
9,4:51:09AM - 4:51:40AM,4533.0,,,0:05 ahead of 4:51:14AM,West to High Park,2024-08-02,4,Main St at Danforth Ave,7518
10,5:11:04AM,4433.0,19:24,20:00,0:10 ahead of 5:11:14AM,West to High Park,2024-08-02,4,Main St at Danforth Ave,7518
11,5:27:56AM - 5:28:27AM,4459.0,16:52,20:00,1:42 behind 5:26:14AM,West to High Park,2024-08-02,4,Main St at Danforth Ave,7518
12,5:07:06AM,4405.0,,,0:51 behind 5:06:15AM,West to High Park,2024-08-03,5,Main St at Danforth Ave,7518
13,5:28:29AM,4489.0,21:23,20:00,2:17 behind 5:26:12AM,West to High Park,2024-08-03,5,Main St at Danforth Ave,7518
14,5:40:55AM,4563.0,12:26,17:30,0:20 ahead of 5:41:15AM,West to High Park,2024-08-03,5,Main St at Danforth Ave,7518
15,5:05:53AM,4425.0,,,1:41 behind 5:04:12AM,West to High Park,2024-08-04,6,Main St at Danforth Ave,7518
16,5:13:53AM,4584.0,8:00,10:00,0:19 ahead of 5:14:12AM,West to High Park,2024-08-04,6,Main St at Danforth Ave,7518
17,5:26:59AM,4533.0,13:06,10:00,2:47 behind 5:24:12AM,West to High Park,2024-08-04,6,Main St at Danforth Ave,7518
18,5:34:12AM (sched),4451.0,,10:00,Scheduled at 5:34:12AM,West to High Park,2024-08-04,6,Main St at Danforth Ave,7518
19,5:44:02AM,4494.0,17:03,10:00,0:10 ahead of 5:44:12AM,West to High Park,2024-08-04,6,Main St at Danforth Ave,7518
20,6:01:22AM,4552.0,17:20,10:00,7:10 behind 5:54:12AM,West to High Park,2024-08-04,6,Main St at Danforth Ave,7518
21,6:03:54AM - 6:04:19AM,4445.0,2:32,10:00,0:18 ahead of 6:04:12AM,West to High Park,2024-08-04,6,Main St at Danforth Ave,7518
22,6:13:53AM,4595.0,9:34,10:00,0:19 ahead of 6:14:12AM,West to High Park,2024-08-04,6,Main St at Danforth Ave,7518
23,6:23:56AM,4516.0,10:03,10:00,0:19 ahead of 6:24:15AM,West to High Park,2024-08-04,6,Main St at Danforth Ave,7518
24,6:34:32AM - 6:35:31AM,4579.0,10:36,10:00,0:20 behind 6:34:12AM,West to High Park,2024-08-04,6,Main St at Danforth Ave,7518
25,6:44:01AM - 6:45:14AM,4541.0,8:30,10:00,0:11 ahead of 6:44:12AM,West to High Park,2024-08-04,6,Main St at Danforth Ave,7518
26,6:54:03AM,4492.0,8:49,10:00,0:09 ahead of 6:54:12AM,West to High Park,2024-08-04,6,Main St at Danforth Ave,7518
27,7:04:22AM - 7:04:52AM,4539.0,10:19,10:00,0:10 behind 7:04:12AM,West to High Park,2024-08-04,6,Main St at Danforth Ave,7518
28,7:14:25AM - 7:14:42AM,4425.0,9:33,10:00,0:13 behind 7:14:12AM,West to High Park,2024-08-04,6,Main St at Danforth Ave,7518
29,7:24:19AM,4584.0,9:37,10:00,0:07 behind 7:24:12AM,West to High Park,2024-08-04,6,Main St at Danforth Ave,7518
30,7:34:02AM,4533.0,9:43,10:00,0:10 ahead of 7:34:12AM,West to High Park,2024-08-04,6,Main St at Danforth Ave,7518
31,7:42:03AM - 7:42:34AM,4451.0,8:01,10:00,0:09 ahead of 7:42:12AM,West to High Park,2024-08-04,6,Main St at Danforth Ave,7518
32,7:49:02AM - 7:49:33AM,4442.0,6:28,9:36,0:10 ahead of 7:49:12AM,West to High Park,2024-08-04,6,Main St at Danforth Ave,7518
33,7:56:14AM (sched),4494.0,,7:02,Scheduled at 7:56:14AM,West to High Park,2024-08-04,6,Main St at Danforth Ave,7518
34,8:03:14AM (sched),4552.0,,7:00,Scheduled at 8:03:14AM,West to High Park,2024-08-04,6,Main St at Danforth Ave,7518
35,5:14:12AM (sched),4622.0,,10:00,Scheduled at 5:14:12AM,West to High Park,2024-08-05,0,Main St at Danforth Ave,7518
36,5:14:12AM (sched),4529.0,,10:00,Scheduled at 5:14:12AM,West to High Park,2024-08-05,0,Main St at Danforth Ave,7518
37,5:17:10AM,4529.0,,10:00,12:58 behind 5:04:12AM,West to High Park,2024-08-05,0,Main St at Danforth Ave,7518
38,5:25:14AM,4515.0,8:04,10:00,1:02 behind 5:24:12AM,West to High Park,2024-08-05,0,Main St at Danforth Ave,7518
39,5:34:15AM - 5:34:45AM,4405.0,9:01,10:00,0:03 behind 5:34:12AM,West to High Park,2024-08-05,0,Main St at Danforth Ave,7518
40,5:44:46AM,4418.0,10:01,10:00,0:34 behind 5:44:12AM,West to High Park,2024-08-05,0,Main St at Danforth Ave,7518
41,4:51:12AM,4504.0,,,0:02 ahead of 4:51:14AM,West to High Park,2024-08-06,1,Main St at Danforth Ave,7518
42,5:11:10AM,4526.0,19:58,20:00,0:04 ahead of 5:11:14AM,West to High Park,2024-08-06,1,Main St at Danforth Ave,7518
43,5:29:20AM,4618.0,18:10,20:00,3:06 behind 5:26:14AM,West to High Park,2024-08-06,1,Main St at Danforth Ave,7518
44,4:50:27AM,4490.0,,,0:51 ahead of 4:51:18AM,West to High Park,2024-08-07,2,Main St at Danforth Ave,7518
45,5:11:24AM,4474.0,20:57,20:00,0:10 behind 5:11:14AM,West to High Park,2024-08-07,2,Main St at Danforth Ave,7518
46,5:27:27AM,4482.0,16:03,20:00,1:13 behind 5:26:14AM,West to High Park,2024-08-07,2,Main St at Danforth Ave,7518
47,4:50:25AM,4404.0,,,0:53 ahead of 4:51:18AM,West to High Park,2024-08-08,3,Main St at Danforth Ave,7518
48,5:11:09AM,4557.0,20:44,20:00,0:05 ahead of 5:11:14AM,West to High Park,2024-08-08,3,Main St at Danforth Ave,7518
49,5:25:42AM - 5:26:12AM,4407.0,14:33,20:00,0:32 ahead of 5:26:14AM,West to High Park,2024-08-08,3,Main St at Danforth Ave,7518
50,4:50:19AM,4480.0,,,0:55 ahead of 4:51:14AM,West to High Park,2024-08-09,4,Main St at Danforth Ave,7518
51,5:11:11AM,4543.0,20:52,20:00,0:03 ahead of 5:11:14AM,West to High Park,2024-08-09,4,Main St at Danforth Ave,7518
52,5:28:52AM,4602.0,17:41,20:00,2:38 behind 5:26:14AM,West to High Park,2024-08-09,4,Main St at Danforth Ave,7518
53,5:05:37AM,4489.0,,,0:35 ahead of 5:06:12AM,West to High Park,2024-08-10,5,Main St at Danforth Ave,7518
54,5:29:44AM,4531.0,24:07,20:00,3:32 behind 5:26:12AM,West to High Park,2024-08-10,5,Main St at Danforth Ave,7518
55,5:41:23AM - 5:41:53AM,4426.0,11:39,17:30,0:11 behind 5:41:12AM,West to High Park,2024-08-10,5,Main St at Danforth Ave,7518
56,5:05:57AM,4482.0,,,1:45 behind 5:04:12AM,West to High Park,2024-08-11,6,Main St at Danforth Ave,7518
57,5:17:32AM,4611.0,11:35,10:00,3:20 behind 5:14:12AM,West to High Park,2024-08-11,6,Main St at Danforth Ave,7518
58,5:24:12AM (sched),4434.0,,10:00,Scheduled at 5:24:12AM,West to High Park,2024-08-11,6,Main St at Danforth Ave,7518
59,5:33:38AM - 5:34:08AM,4621.0,16:06,10:00,0:34 ahead of 5:34:12AM,West to High Park,2024-08-11,6,Main St at Danforth Ave,7518
60,5:45:15AM,4474.0,11:07,10:00,1:03 behind 5:44:12AM,West to High Park,2024-08-11,6,Main St at Danforth Ave,7518
61,5:55:07AM,4606.0,9:52,10:00,0:55 behind 5:54:12AM,West to High Park,2024-08-11,6,Main St at Danforth Ave,7518
62,6:04:13AM - 6:04:43AM,4571.0,9:06,10:00,0:01 behind 6:04:12AM,West to High Park,2024-08-11,6,Main St at Danforth Ave,7518
63,6:14:20AM,4459.0,9:37,10:00,0:05 behind 6:14:15AM,West to High Park,2024-08-11,6,Main St at Danforth Ave,7518
64,6:23:53AM,4497.0,9:33,10:00,0:20 ahead of 6:24:13AM,West to High Park,2024-08-11,6,Main St at Danforth Ave,7518
65,6:33:29AM - 6:33:54AM,4486.0,9:36,10:00,0:43 ahead of 6:34:12AM,West to High Park,2024-08-11,6,Main St at Danforth Ave,7518
66,6:43:29AM,4622.0,9:35,10:00,0:43 ahead of 6:44:12AM,West to High Park,2024-08-11,6,Main St at Danforth Ave,7518
67,6:53:35AM,4435.0,10:06,10:00,0:37 ahead of 6:54:12AM,West to High Park,2024-08-11,6,Main St at Danforth Ave,7518
68,7:04:16AM,4516.0,10:41,10:00,0:04 behind 7:04:12AM,West to High Park,2024-08-11,6,Main St at Danforth Ave,7518
69,7:14:22AM,4482.0,10:06,10:00,0:10 behind 7:14:12AM,West to High Park,2024-08-11,6,Main St at Danforth Ave,7518
70,7:29:55AM,4611.0,15:32,10:00,5:43 behind 7:24:12AM,West to High Park,2024-08-11,6,Main St at Danforth Ave,7518
71,7:33:56AM - 7:34:17AM,4434.0,4:01,10:00,0:16 ahead of 7:34:12AM,West to High Park,2024-08-11,6,Main St at Danforth Ave,7518
72,7:41:53AM - 7:42:23AM,4621.0,7:36,10:00,0:19 ahead of 7:42:12AM,West to High Park,2024-08-11,6,Main St at Danforth Ave,7518
73,7:49:02AM - 7:49:32AM,4539.0,6:39,9:36,0:10 ahead of 7:49:12AM,West to High Park,2024-08-11,6,Main St at Danforth Ave,7518
74,7:56:19AM,4474.0,6:47,9:00,0:05 behind 7:56:14AM,West to High Park,2024-08-11,6,Main St at Danforth Ave,7518
75,8:06:05AM,4606.0,9:46,8:24,2:51 behind 8:03:14AM,West to High Park,2024-08-11,6,Main St at Danforth Ave,7518
76,4:53:28AM - 4:54:28AM,4420.0,,,2:14 behind 4:51:14AM,West to High Park,2024-08-12,0,Main St at Danforth Ave,7518
77,5:12:00AM - 5:13:00AM,4490.0,17:32,20:00,0:46 behind 5:11:14AM,West to High Park,2024-08-12,0,Main St at Danforth Ave,7518
78,5:26:14AM (sched),4581.0,,15:00,Scheduled at 5:26:14AM,West to High Park,2024-08-12,0,Main St at Danforth Ave,7518
79,5:28:11AM,4434.0,15:11,20:00,1:57 behind 5:26:14AM,West to High Park,2024-08-12,0,Main St at Danforth Ave,7518
80,4:53:44AM,4531.0,,,2:30 behind 4:51:14AM,West to High Park,2024-08-13,1,Main St at Danforth Ave,7518
81,5:11:20AM - 5:12:08AM,4443.0,17:36,20:00,0:06 behind 5:11:14AM,West to High Park,2024-08-13,1,Main St at Danforth Ave,7518
82,5:26:59AM,4401.0,14:51,20:00,0:45 behind 5:26:14AM,West to High Park,2024-08-13,1,Main St at Danforth Ave,7518
83,4:53:06AM - 4:54:03AM,4426.0,,,1:52 behind 4:51:14AM,West to High Park,2024-08-14,2,Main St at Danforth Ave,7518
84,5:12:03AM,4406.0,18:00,20:00,0:49 behind 5:11:14AM,West to High Park,2024-08-14,2,Main St at Danforth Ave,7518
85,5:28:23AM,4446.0,16:20,20:00,2:09 behind 5:26:14AM,West to High Park,2024-08-14,2,Main St at Danforth Ave,7518
86,4:54:10AM,4444.0,,,2:56 behind 4:51:14AM,West to High Park,2024-08-15,3,Main St at Danforth Ave,7518
87,5:12:56AM,4469.0,18:46,20:00,1:42 behind 5:11:14AM,West to High Park,2024-08-15,3,Main St at Danforth Ave,7518
88,5:29:49AM,4461.0,16:53,20:00,3:35 behind 5:26:14AM,West to High Park,2024-08-15,3,Main St at Danforth Ave,7518
89,4:55:57AM - 4:56:58AM,4404.0,,,4:43 behind 4:51:14AM,West to High Park,2024-08-16,4,Main St at Danforth Ave,7518
90,5:11:14AM (sched),,,20:00,Scheduled at 5:11:14AM,West to High Park,2024-08-16,4,Main St at Danforth Ave,7518
91,5:28:04AM,4453.0,31:06,20:00,1:50 behind 5:26:14AM,West to High Park,2024-08-16,4,Main St at Danforth Ave,7518
92,5:06:05AM,4422.0,,,0:07 ahead of 5:06:12AM,West to High Park,2024-08-17,5,Main St at Danforth Ave,7518
93,5:27:27AM,4448.0,21:22,20:00,1:15 behind 5:26:12AM,West to High Park,2024-08-17,5,Main St at Danforth Ave,7518
94,5:41:12AM (sched),4501.0,,15:00,Scheduled at 5:41:12AM,West to High Park,2024-08-17,5,Main St at Danforth Ave,7518
95,5:05:37AM,4542.0,,,1:25 behind 5:04:12AM,West to High Park,2024-08-18,6,Main St at Danforth Ave,7518
96,5:18:52AM,4457.0,13:15,10:00,4:40 behind 5:14:12AM,West to High Park,2024-08-18,6,Main St at Danforth Ave,7518
97,5:24:17AM - 5:24:47AM,4445.0,5:25,10:00,0:05 behind 5:24:12AM,West to High Park,2024-08-18,6,Main St at Danforth Ave,7518
98,5:33:34AM,4507.0,8:47,10:00,0:38 ahead of 5:34:12AM,West to High Park,2024-08-18,6,Main St at Danforth Ave,7518
99,5:46:30AM,4438.0,12:56,10:00,2:18 behind 5:44:12AM,West to High Park,2024-08-18,6,Main St at Danforth Ave,7518
100,5:54:31AM - 5:55:00AM,4452.0,8:01,10:00,0:19 behind 5:54:12AM,West to High Park,2024-08-18,6,Main St at Danforth Ave,7518
101,6:04:20AM,4426.0,9:20,10:00,0:08 behind 6:04:12AM,West to High Park,2024-08-18,6,Main St at Danforth Ave,7518
102,6:13:45AM - 6:14:12AM,4518.0,9:25,10:00,0:27 ahead of 6:14:12AM,West to High Park,2024-08-18,6,Main St at Danforth Ave,7518
103,6:23:45AM,4548.0,9:33,10:00,0:27 ahead of 6:24:12AM,West to High Park,2024-08-18,6,Main St at Danforth Ave,7518
104,6:33:56AM,4619.0,10:11,10:00,0:16 ahead of 6:34:12AM,West to High Park,2024-08-18,6,Main St at Danforth Ave,7518
105,6:43:53AM,4595.0,9:57,10:00,0:22 ahead of 6:44:15AM,West to High Park,2024-08-18,6,Main St at Danforth Ave,7518
106,6:53:50AM,4615.0,9:57,10:00,0:22 ahead of 6:54:12AM,West to High Park,2024-08-18,6,Main St at Danforth Ave,7518
107,7:04:05AM - 7:05:02AM,4480.0,10:15,10:00,0:07 ahead of 7:04:12AM,West to High Park,2024-08-18,6,Main St at Danforth Ave,7518
108,7:15:06AM,4542.0,10:04,10:00,0:54 behind 7:14:12AM,West to High Park,2024-08-18,6,Main St at Danforth Ave,7518
109,7:27:09AM,4457.0,12:03,10:00,2:57 behind 7:24:12AM,West to High Park,2024-08-18,6,Main St at Danforth Ave,7518
110,7:34:14AM,4445.0,7:05,10:00,0:02 behind 7:34:12AM,West to High Park,2024-08-18,6,Main St at Danforth Ave,7518
111,7:48:50AM - 7:49:27AM,4588.0,14:36,9:36,0:22 ahead of 7:49:12AM,West to High Park,2024-08-18,6,Main St at Danforth Ave,7518
112,7:49:57AM - 7:50:57AM,4507.0,0:30,9:36,7:45 behind 7:42:12AM,West to High Park,2024-08-18,6,Main St at Danforth Ave,7518
113,7:56:24AM,4438.0,5:27,9:00,0:10 behind 7:56:14AM,West to High Park,2024-08-18,6,Main St at Danforth Ave,7518
114,8:04:57AM,4452.0,8:33,8:24,1:43 behind 8:03:14AM,West to High Park,2024-08-18,6,Main St at Danforth Ave,7518
115,4:51:31AM,4443.0,,,0:17 behind 4:51:14AM,West to High Park,2024-08-19,0,Main St at Danforth Ave,7518
116,5:10:26AM,4515.0,18:55,20:00,0:48 ahead of 5:11:14AM,West to High Park,2024-08-19,0,Main St at Danforth Ave,7518
117,5:28:35AM,4455.0,18:09,20:00,2:21 behind 5:26:14AM,West to High Park,2024-08-19,0,Main St at Danforth Ave,7518
118,4:51:31AM,4484.0,,,0:17 behind 4:51:14AM,West to High Park,2024-08-20,1,Main St at Danforth Ave,7518
119,5:11:10AM,4498.0,19:39,20:00,0:04 ahead of 5:11:14AM,West to High Park,2024-08-20,1,Main St at Danforth Ave,7518
120,5:28:19AM - 5:28:39AM,4444.0,17:09,20:00,2:05 behind 5:26:14AM,West to High Park,2024-08-20,1,Main St at Danforth Ave,7518
121,4:53:49AM,4507.0,,,2:31 behind 4:51:18AM,West to High Park,2024-08-21,2,Main St at Danforth Ave,7518
122,5:10:47AM,4620.0,16:58,20:00,0:27 ahead of 5:11:14AM,West to High Park,2024-08-21,2,Main St at Danforth Ave,7518
123,5:27:02AM,4583.0,16:15,20:00,0:48 behind 5:26:14AM,West to High Park,2024-08-21,2,Main St at Danforth Ave,7518
124,4:52:46AM,4553.0,,,1:32 behind 4:51:14AM,West to High Park,2024-08-22,3,Main St at Danforth Ave,7518
125,5:11:21AM,4618.0,18:35,20:00,0:04 behind 5:11:17AM,West to High Park,2024-08-22,3,Main St at Danforth Ave,7518
126,5:27:14AM,4545.0,15:53,20:00,1:00 behind 5:26:14AM,West to High Park,2024-08-22,3,Main St at Danforth Ave,7518
127,4:51:32AM,4613.0,,,0:18 behind 4:51:14AM,West to High Park,2024-08-23,4,Main St at Danforth Ave,7518
128,5:11:57AM,4515.0,20:25,20:00,0:43 behind 5:11:14AM,West to High Park,2024-08-23,4,Main St at Danforth Ave,7518
129,5:26:39AM - 5:27:09AM,4611.0,14:42,20:00,0:25 behind 5:26:14AM,West to High Park,2024-08-23,4,Main St at Danforth Ave,7518
130,5:06:12AM (sched),4413.0,,,Scheduled at 5:06:12AM,West to High Park,2024-08-24,5,Main St at Danforth Ave,7518
131,5:29:17AM - 5:29:37AM,4469.0,,20:00,3:05 behind 5:26:12AM,West to High Park,2024-08-24,5,Main St at Danforth Ave,7518
132,5:40:27AM,4420.0,10:50,17:30,0:45 ahead of 5:41:12AM,West to High Park,2024-08-24,5,Main St at Danforth Ave,7518
133,5:04:50AM,4431.0,,,0:38 behind 5:04:12AM,West to High Park,2024-08-25,6,Main St at Danforth Ave,7518
134,5:16:43AM,4460.0,11:53,10:00,2:31 behind 5:14:12AM,West to High Park,2024-08-25,6,Main St at Danforth Ave,7518
135,5:26:24AM,4508.0,9:41,10:00,2:12 behind 5:24:12AM,West to High Park,2024-08-25,6,Main St at Danforth Ave,7518
136,5:34:12AM (sched),4597.0,,10:00,Scheduled at 5:34:12AM,West to High Park,2024-08-25,6,Main St at Danforth Ave,7518
137,5:45:39AM,4466.0,19:15,10:00,1:27 behind 5:44:12AM,West to High Park,2024-08-25,6,Main St at Danforth Ave,7518
138,5:54:44AM,4541.0,9:05,10:00,0:32 behind 5:54:12AM,West to High Park,2024-08-25,6,Main St at Danforth Ave,7518
139,6:04:12AM (sched),4585.0,,10:00,Scheduled at 6:04:12AM,West to High Park,2024-08-25,6,Main St at Danforth Ave,7518
140,6:14:12AM (sched),4571.0,,10:00,Scheduled at 6:14:12AM,West to High Park,2024-08-25,6,Main St at Danforth Ave,7518
141,6:23:57AM,4601.0,29:13,10:00,0:17 ahead of 6:24:14AM,West to High Park,2024-08-25,6,Main St at Danforth Ave,7518
142,6:34:03AM,4521.0,10:06,10:00,0:09 ahead of 6:34:12AM,West to High Park,2024-08-25,6,Main St at Danforth Ave,7518
143,6:44:55AM,4474.0,10:52,10:00,0:43 behind 6:44:12AM,West to High Park,2024-08-25,6,Main St at Danforth Ave,7518
144,6:54:56AM,4447.0,10:01,10:00,0:44 behind 6:54:12AM,West to High Park,2024-08-25,6,Main St at Danforth Ave,7518
145,7:03:14AM,4450.0,8:18,10:00,0:58 ahead of 7:04:12AM,West to High Park,2024-08-25,6,Main St at Danforth Ave,7518
146,7:14:10AM,4431.0,10:56,10:00,0:02 ahead of 7:14:12AM,West to High Park,2024-08-25,6,Main St at Danforth Ave,7518
147,7:26:24AM - 7:27:10AM,4460.0,12:14,10:00,2:12 behind 7:24:12AM,West to High Park,2024-08-25,6,Main St at Danforth Ave,7518
148,7:36:06AM - 7:37:06AM,4508.0,8:56,10:00,1:54 behind 7:34:12AM,West to High Park,2024-08-25,6,Main St at Danforth Ave,7518
149,7:41:14AM,4597.0,4:08,10:00,0:58 ahead of 7:42:12AM,West to High Park,2024-08-25,6,Main St at Danforth Ave,7518
150,7:49:26AM,4555.0,8:12,9:36,0:14 behind 7:49:12AM,West to High Park,2024-08-25,6,Main St at Danforth Ave,7518
151,7:58:48AM - 7:59:19AM,4466.0,9:22,9:00,2:34 behind 7:56:14AM,West to High Park,2024-08-25,6,Main St at Danforth Ave,7518
152,8:05:16AM,4541.0,5:57,8:24,2:02 behind 8:03:14AM,West to High Park,2024-08-25,6,Main St at Danforth Ave,7518
153,4:53:11AM - 4:53:41AM,4455.0,,,1:57 behind 4:51:14AM,West to High Park,2024-08-26,0,Main St at Danforth Ave,7518
154,5:11:47AM,4584.0,18:06,20:00,0:33 behind 5:11:14AM,West to High Park,2024-08-26,0,Main St at Danforth Ave,7518
155,5:27:26AM,4444.0,15:39,20:00,1:12 behind 5:26:14AM,West to High Park,2024-08-26,0,Main St at Danforth Ave,7518
156,4:52:31AM,4428.0,,,1:17 behind 4:51:14AM,West to High Park,2024-08-27,1,Main St at Danforth Ave,7518
157,5:11:36AM - 5:12:06AM,4420.0,19:05,20:00,0:22 behind 5:11:14AM,West to High Park,2024-08-27,1,Main St at Danforth Ave,7518
158,5:28:53AM,4527.0,16:47,20:00,2:39 behind 5:26:14AM,West to High Park,2024-08-27,1,Main St at Danforth Ave,7518
159,4:51:26AM,4461.0,,,0:12 behind 4:51:14AM,West to High Park,2024-08-28,2,Main St at Danforth Ave,7518
160,5:11:50AM - 5:12:20AM,4543.0,20:24,20:00,0:36 behind 5:11:14AM,West to High Park,2024-08-28,2,Main St at Danforth Ave,7518
161,5:28:27AM,4520.0,16:07,20:00,2:13 behind 5:26:14AM,West to High Park,2024-08-28,2,Main St at Danforth Ave,7518
162,4:52:53AM,4435.0,,,1:35 behind 4:51:18AM,West to High Park,2024-08-29,3,Main St at Danforth Ave,7518
163,5:12:08AM,4486.0,19:15,20:00,0:54 behind 5:11:14AM,West to High Park,2024-08-29,3,Main St at Danforth Ave,7518
164,5:28:12AM,4545.0,16:04,20:00,1:58 behind 5:26:14AM,West to High Park,2024-08-29,3,Main St at Danforth Ave,7518
165,4:52:53AM,4438.0,,,1:39 behind 4:51:14AM,West to High Park,2024-08-30,4,Main St at Danforth Ave,7518
166,5:11:21AM,4611.0,18:28,20:00,0:07 behind 5:11:14AM,West to High Park,2024-08-30,4,Main St at Danforth Ave,7518
167,5:26:19AM,4421.0,14:58,20:00,0:05 behind 5:26:14AM,West to High Park,2024-08-30,4,Main St at Danforth Ave,7518
168,5:07:02AM,4527.0,,,0:50 behind 5:06:12AM,West to High Park,2024-08-31,5,Main St at Danforth Ave,7518
169,5:27:13AM - 5:27:43AM,4406.0,20:11,20:00,1:01 behind 5:26:12AM,West to High Park,2024-08-31,5,Main St at Danforth Ave,7518
170,5:40:45AM,4575.0,13:02,17:30,0:27 ahead of 5:41:12AM,West to High Park,2024-08-31,5,Main St at Danforth Ave,7518
171,5:04:12AM (sched),,,,Scheduled at 5:04:12AM,West to High Park,2024-09-02,0,Main St at Danforth Ave,7518
172,5:05:20AM,4421.0,,,1:08 behind 5:04:12AM,West to High Park,2024-09-02,0,Main St at Danforth Ave,7518
173,5:19:02AM - 5:19:24AM,4453.0,13:42,15:00,0:10 ahead of 5:19:12AM,West to High Park,2024-09-02,0,Main St at Danforth Ave,7518
174,5:34:54AM - 5:35:24AM,4587.0,15:30,15:00,0:42 behind 5:34:12AM,West to High Park,2024-09-02,0,Main St at Danforth Ave,7518
175,5:43:33AM - 5:44:03AM,4514.0,8:09,15:00,0:39 ahead of 5:44:12AM,West to High Park,2024-09-02,0,Main St at Danforth Ave,7518
176,5:44:12AM (sched),,,10:00,Scheduled at 5:44:12AM,West to High Park,2024-09-02,0,Main St at Danforth Ave,7518
177,4:39:18AM - 4:39:48AM,4620.0,,,0:04 behind 4:39:14AM,West to High Park,2024-09-03,1,Main St at Danforth Ave,7518
178,5:01:14AM (sched),,,22:00,Scheduled at 5:01:14AM,West to High Park,2024-09-03,1,Main St at Danforth Ave,7518
179,5:01:24AM,4556.0,21:36,,0:10 behind 5:01:14AM,West to High Park,2024-09-03,1,Main St at Danforth Ave,7518
180,5:23:52AM,4540.0,22:28,22:00,0:38 behind 5:23:14AM,West to High Park,2024-09-03,1,Main St at Danforth Ave,7518
181,5:38:09AM,4432.0,14:17,22:00,0:05 ahead of 5:38:14AM,West to High Park,2024-09-03,1,Main St at Danforth Ave,7518
182,4:40:47AM,4462.0,,,1:29 behind 4:39:18AM,West to High Park,2024-09-04,2,Main St at Danforth Ave,7518
183,5:01:14AM (sched),,,22:00,Scheduled at 5:01:14AM,West to High Park,2024-09-04,2,Main St at Danforth Ave,7518
184,5:01:59AM - 5:02:26AM,4431.0,21:12,,0:45 behind 5:01:14AM,West to High Park,2024-09-04,2,Main St at Danforth Ave,7518
185,5:23:21AM,4465.0,20:55,22:00,0:07 behind 5:23:14AM,West to High Park,2024-09-04,2,Main St at Danforth Ave,7518
186,5:38:57AM - 5:39:27AM,4560.0,15:36,22:00,0:43 behind 5:38:14AM,West to High Park,2024-09-04,2,Main St at Danforth Ave,7518
187,4:40:10AM - 4:40:38AM,4403.0,,,0:56 behind 4:39:14AM,West to High Park,2024-09-05,3,Main St at Danforth Ave,7518
188,5:01:14AM (sched),,,22:00,Scheduled at 5:01:14AM,West to High Park,2024-09-05,3,Main St at Danforth Ave,7518
189,5:03:00AM - 5:03:31AM,4440.0,22:22,,1:46 behind 5:01:14AM,West to High Park,2024-09-05,3,Main St at Danforth Ave,7518
190,5:25:20AM,4431.0,21:49,22:00,2:06 behind 5:23:14AM,West to High Park,2024-09-05,3,Main St at Danforth Ave,7518
191,5:37:13AM,4515.0,11:53,22:00,1:05 ahead of 5:38:18AM,West to High Park,2024-09-05,3,Main St at Danforth Ave,7518
192,4:39:33AM,4422.0,,,0:15 behind 4:39:18AM,West to High Park,2024-09-06,4,Main St at Danforth Ave,7518
193,5:01:14AM (sched),,,22:00,Scheduled at 5:01:14AM,West to High Park,2024-09-06,4,Main St at Danforth Ave,7518
194,5:02:25AM,4565.0,22:52,,1:11 behind 5:01:14AM,West to High Park,2024-09-06,4,Main St at Danforth Ave,7518
195,5:23:50AM,4564.0,21:25,22:00,0:36 behind 5:23:14AM,West to High Park,2024-09-06,4,Main St at Danforth Ave,7518
196,5:39:09AM,4426.0,15:19,22:00,0:55 behind 5:38:14AM,West to High Park,2024-09-06,4,Main St at Danforth Ave,7518
197,5:00:12AM (sched),,,,Scheduled at 5:00:12AM,West to High Park,2024-09-07,5,Main St at Danforth Ave,7518
198,5:00:37AM - 5:01:07AM,4527.0,,,0:25 behind 5:00:12AM,West to High Park,2024-09-07,5,Main St at Danforth Ave,7518
199,5:23:44AM,4416.0,22:37,20:00,3:32 behind 5:20:12AM,West to High Park,2024-09-07,5,Main St at Danforth Ave,7518
200,5:35:50AM,4472.0,12:06,18:00,0:22 ahead of 5:36:12AM,West to High Park,2024-09-07,5,Main St at Danforth Ave,7518
201,4:38:34AM,4618.0,,,0:40 ahead of 4:39:14AM,West to High Park,2024-09-09,0,Main St at Danforth Ave,7518
202,5:01:14AM (sched),,,22:00,Scheduled at 5:01:14AM,West to High Park,2024-09-09,0,Main St at Danforth Ave,7518
203,5:02:15AM,4590.0,23:41,,1:01 behind 5:01:14AM,West to High Park,2024-09-09,0,Main St at Danforth Ave,7518
204,5:22:38AM,4513.0,20:23,22:00,0:36 ahead of 5:23:14AM,West to High Park,2024-09-09,0,Main St at Danforth Ave,7518
205,5:38:31AM,4447.0,15:53,22:00,0:13 behind 5:38:18AM,West to High Park,2024-09-09,0,Main St at Danforth Ave,7518
206,4:40:36AM,4447.0,,,1:22 behind 4:39:14AM,West to High Park,2024-09-10,1,Main St at Danforth Ave,7518
207,5:00:27AM - 5:01:27AM,4609.0,19:51,,0:47 ahead of 5:01:14AM,West to High Park,2024-09-10,1,Main St at Danforth Ave,7518
208,5:01:14AM (sched),,,22:00,Scheduled at 5:01:14AM,West to High Park,2024-09-10,1,Main St at Danforth Ave,7518
209,5:23:22AM,4588.0,21:55,22:00,0:04 behind 5:23:18AM,West to High Park,2024-09-10,1,Main St at Danforth Ave,7518
210,5:39:48AM,4526.0,16:26,22:00,1:34 behind 5:38:14AM,West to High Park,2024-09-10,1,Main St at Danforth Ave,7518
211,4:41:02AM - 4:41:33AM,4614.0,,,1:48 behind 4:39:14AM,West to High Park,2024-09-11,2,Main St at Danforth Ave,7518
212,5:01:14AM (sched),,,22:00,Scheduled at 5:01:14AM,West to High Park,2024-09-11,2,Main St at Danforth Ave,7518
213,5:01:35AM,4405.0,20:02,,0:21 behind 5:01:14AM,West to High Park,2024-09-11,2,Main St at Danforth Ave,7518
214,5:23:26AM,4591.0,21:51,22:00,0:12 behind 5:23:14AM,West to High Park,2024-09-11,2,Main St at Danforth Ave,7518
215,5:38:14AM,4600.0,14:48,22:00,0:00 behind 5:38:14AM,West to High Park,2024-09-11,2,Main St at Danforth Ave,7518
216,4:39:32AM,4595.0,,,0:18 behind 4:39:14AM,West to High Park,2024-09-12,3,Main St at Danforth Ave,7518
217,5:01:14AM (sched),,,22:00,Scheduled at 5:01:14AM,West to High Park,2024-09-12,3,Main St at Danforth Ave,7518
218,5:01:15AM,4404.0,21:43,,0:01 behind 5:01:14AM,West to High Park,2024-09-12,3,Main St at Danforth Ave,7518
219,5:24:28AM,4487.0,23:13,22:00,1:14 behind 5:23:14AM,West to High Park,2024-09-12,3,Main St at Danforth Ave,7518
220,5:38:20AM,4579.0,13:52,22:00,0:06 behind 5:38:14AM,West to High Park,2024-09-12,3,Main St at Danforth Ave,7518
221,4:39:20AM,4423.0,,,0:06 behind 4:39:14AM,West to High Park,2024-09-13,4,Main St at Danforth Ave,7518
222,5:00:54AM,4609.0,21:34,,0:20 ahead of 5:01:14AM,West to High Park,2024-09-13,4,Main St at Danforth Ave,7518
223,5:01:14AM (sched),,,22:00,Scheduled at 5:01:14AM,West to High Park,2024-09-13,4,Main St at Danforth Ave,7518
224,5:23:43AM,4450.0,22:49,22:00,0:29 behind 5:23:14AM,West to High Park,2024-09-13,4,Main St at Danforth Ave,7518
225,5:38:14AM (sched),4443.0,,15:00,Scheduled at 5:38:14AM,West to High Park,2024-09-13,4,Main St at Danforth Ave,7518
226,4:59:53AM,4523.0,,,0:19 ahead of 5:00:12AM,West to High Park,2024-09-14,5,Main St at Danforth Ave,7518
227,5:00:12AM (sched),,,,Scheduled at 5:00:12AM,West to High Park,2024-09-14,5,Main St at Danforth Ave,7518
228,5:20:51AM - 5:21:21AM,4439.0,20:58,20:00,0:39 behind 5:20:12AM,West to High Park,2024-09-14,5,Main St at Danforth Ave,7518
229,5:35:57AM,4403.0,14:36,18:00,0:17 ahead of 5:36:14AM,West to High Park,2024-09-14,5,Main St at Danforth Ave,7518
230,4:41:19AM - 4:41:54AM,4624.0,,,2:05 behind 4:39:14AM,West to High Park,2024-09-16,0,Main St at Danforth Ave,7518
231,5:01:14AM (sched),,,22:00,Scheduled at 5:01:14AM,West to High Park,2024-09-16,0,Main St at Danforth Ave,7518
232,5:01:23AM,4466.0,19:29,,0:09 behind 5:01:14AM,West to High Park,2024-09-16,0,Main St at Danforth Ave,7518
233,5:23:44AM,4476.0,22:21,22:00,0:30 behind 5:23:14AM,West to High Park,2024-09-16,0,Main St at Danforth Ave,7518
234,5:38:09AM,4480.0,14:25,22:00,0:05 ahead of 5:38:14AM,West to High Park,2024-09-16,0,Main St at Danforth Ave,7518
235,4:40:39AM,4523.0,,,1:25 behind 4:39:14AM,West to High Park,2024-09-17,1,Main St at Danforth Ave,7518
236,5:01:10AM,4461.0,20:31,,0:04 ahead of 5:01:14AM,West to High Park,2024-09-17,1,Main St at Danforth Ave,7518
237,5:01:14AM (sched),,,22:00,Scheduled at 5:01:14AM,West to High Park,2024-09-17,1,Main St at Danforth Ave,7518
238,5:22:47AM - 5:23:17AM,4548.0,21:37,22:00,0:27 ahead of 5:23:14AM,West to High Park,2024-09-17,1,Main St at Danforth Ave,7518
239,5:38:51AM,4624.0,15:34,22:00,0:33 behind 5:38:18AM,West to High Park,2024-09-17,1,Main St at Danforth Ave,7518
240,4:40:14AM - 4:40:44AM,4486.0,,,1:00 behind 4:39:14AM,West to High Park,2024-09-18,2,Main St at Danforth Ave,7518
241,5:01:14AM (sched),,,22:00,Scheduled at 5:01:14AM,West to High Park,2024-09-18,2,Main St at Danforth Ave,7518
242,5:01:25AM,4405.0,20:41,,0:11 behind 5:01:14AM,West to High Park,2024-09-18,2,Main St at Danforth Ave,7518
243,5:23:20AM,4514.0,21:55,22:00,0:06 behind 5:23:14AM,West to High Park,2024-09-18,2,Main St at Danforth Ave,7518
244,5:39:07AM,4589.0,15:47,22:00,0:53 behind 5:38:14AM,West to High Park,2024-09-18,2,Main St at Danforth Ave,7518
245,4:40:12AM - 4:40:42AM,4433.0,,,0:58 behind 4:39:14AM,West to High Park,2024-09-19,3,Main St at Danforth Ave,7518
246,5:01:14AM (sched),,,22:00,Scheduled at 5:01:14AM,West to High Park,2024-09-19,3,Main St at Danforth Ave,7518
247,5:01:51AM,4511.0,21:09,,0:37 behind 5:01:14AM,West to High Park,2024-09-19,3,Main St at Danforth Ave,7518
248,5:23:53AM,4619.0,22:02,22:00,0:39 behind 5:23:14AM,West to High Park,2024-09-19,3,Main St at Danforth Ave,7518
249,5:39:03AM,4405.0,15:10,22:00,0:49 behind 5:38:14AM,West to High Park,2024-09-19,3,Main St at Danforth Ave,7518
250,4:43:03AM,4436.0,,,3:47 behind 4:39:16AM,West to High Park,2024-09-20,4,Main St at Danforth Ave,7518
251,5:01:05AM,4622.0,18:02,,0:09 ahead of 5:01:14AM,West to High Park,2024-09-20,4,Main St at Danforth Ave,7518
252,5:01:14AM (sched),,,22:00,Scheduled at 5:01:14AM,West to High Park,2024-09-20,4,Main St at Danforth Ave,7518
253,5:24:13AM,4569.0,23:08,22:00,0:58 behind 5:23:15AM,West to High Park,2024-09-20,4,Main St at Danforth Ave,7518
254,5:38:17AM,4621.0,14:04,22:00,0:03 behind 5:38:14AM,West to High Park,2024-09-20,4,Main St at Danforth Ave,7518
255,5:00:12AM (sched),,,,Scheduled at 5:00:12AM,West to High Park,2024-09-21,5,Main St at Danforth Ave,7518
256,5:00:36AM - 5:01:18AM,4419.0,,,0:24 behind 5:00:12AM,West to High Park,2024-09-21,5,Main St at Danforth Ave,7518
257,5:20:07AM,4401.0,18:49,20:00,0:05 ahead of 5:20:12AM,West to High Park,2024-09-21,5,Main St at Danforth Ave,7518
258,5:38:11AM,4566.0,18:04,18:00,1:59 behind 5:36:12AM,West to High Park,2024-09-21,5,Main St at Danforth Ave,7518
259,4:44:01AM,4483.0,,,4:47 behind 4:39:14AM,West to High Park,2024-09-23,0,Main St at Danforth Ave,7518
260,5:01:14AM (sched),,,22:00,Scheduled at 5:01:14AM,West to High Park,2024-09-23,0,Main St at Danforth Ave,7518
261,5:01:15AM,4495.0,17:14,,0:01 behind 5:01:14AM,West to High Park,2024-09-23,0,Main St at Danforth Ave,7518
262,5:23:35AM - 5:23:57AM,4528.0,22:20,22:00,0:21 behind 5:23:14AM,West to High Park,2024-09-23,0,Main St at Danforth Ave,7518
263,5:38:07AM,4613.0,14:10,22:00,0:07 ahead of 5:38:14AM,West to High Park,2024-09-23,0,Main St at Danforth Ave,7518
264,4:40:37AM,4624.0,,,1:23 behind 4:39:14AM,West to High Park,2024-09-24,1,Main St at Danforth Ave,7518
265,5:00:45AM,4480.0,20:08,,0:29 ahead of 5:01:14AM,West to High Park,2024-09-24,1,Main St at Danforth Ave,7518
266,5:01:14AM (sched),,,22:00,Scheduled at 5:01:14AM,West to High Park,2024-09-24,1,Main St at Danforth Ave,7518
267,5:23:41AM,4576.0,22:56,22:00,0:27 behind 5:23:14AM,West to High Park,2024-09-24,1,Main St at Danforth Ave,7518
268,5:38:16AM,4498.0,14:35,22:00,0:02 behind 5:38:14AM,West to High Park,2024-09-24,1,Main St at Danforth Ave,7518
269,4:45:08AM,4443.0,,,5:54 behind 4:39:14AM,West to High Park,2024-09-25,2,Main St at Danforth Ave,7518
270,5:01:08AM,4525.0,16:00,,0:06 ahead of 5:01:14AM,West to High Park,2024-09-25,2,Main St at Danforth Ave,7518
271,5:01:14AM (sched),,,22:00,Scheduled at 5:01:14AM,West to High Park,2024-09-25,2,Main St at Danforth Ave,7518
272,5:23:35AM,4438.0,22:27,22:00,0:21 behind 5:23:14AM,West to High Park,2024-09-25,2,Main St at Danforth Ave,7518
273,5:38:14AM (sched),4624.0,,15:00,Scheduled at 5:38:14AM,West to High Park,2024-09-25,2,Main St at Danforth Ave,7518
274,4:41:49AM,4442.0,,,2:35 behind 4:39:14AM,West to High Park,2024-09-26,3,Main St at Danforth Ave,7518
275,5:01:14AM (sched),,,22:00,Scheduled at 5:01:14AM,West to High Park,2024-09-26,3,Main St at Danforth Ave,7518
276,5:01:17AM,4494.0,19:28,,0:03 behind 5:01:14AM,West to High Park,2024-09-26,3,Main St at Danforth Ave,7518
277,5:23:36AM - 5:23:56AM,4447.0,22:19,22:00,0:22 behind 5:23:14AM,West to High Park,2024-09-26,3,Main St at Danforth Ave,7518
278,5:39:07AM,4488.0,15:11,22:00,0:53 behind 5:38:14AM,West to High Park,2024-09-26,3,Main St at Danforth Ave,7518
279,4:39:38AM,4416.0,,,0:24 behind 4:39:14AM,West to High Park,2024-09-27,4,Main St at Danforth Ave,7518
280,5:01:10AM,4613.0,21:32,,0:04 ahead of 5:01:14AM,West to High Park,2024-09-27,4,Main St at Danforth Ave,7518
281,5:01:14AM (sched),,,22:00,Scheduled at 5:01:14AM,West to High Park,2024-09-27,4,Main St at Danforth Ave,7518
282,5:23:26AM - 5:23:56AM,4426.0,22:16,22:00,0:12 behind 5:23:14AM,West to High Park,2024-09-27,4,Main St at Danforth Ave,7518
283,5:38:22AM,4430.0,14:26,22:00,0:04 behind 5:38:18AM,West to High Park,2024-09-27,4,Main St at Danforth Ave,7518
284,4:59:46AM,4532.0,,,0:26 ahead of 5:00:12AM,West to High Park,2024-09-28,5,Main St at Danforth Ave,7518
285,5:00:12AM (sched),,,,Scheduled at 5:00:12AM,West to High Park,2024-09-28,5,Main St at Danforth Ave,7518
286,5:19:08AM,4459.0,19:22,20:00,1:04 ahead of 5:20:12AM,West to High Park,2024-09-28,5,Main St at Danforth Ave,7518
287,5:38:24AM,4551.0,19:16,18:00,2:12 behind 5:36:12AM,West to High Park,2024-09-28,5,Main St at Danforth Ave,7518
288,4:39:53AM - 4:40:22AM,4438.0,,,0:39 behind 4:39:14AM,West to High Park,2024-09-30,0,Main St at Danforth Ave,7518
289,5:01:14AM (sched),,,22:00,Scheduled at 5:01:14AM,West to High Park,2024-09-30,0,Main St at Danforth Ave,7518
290,5:01:34AM,4506.0,21:12,,0:20 behind 5:01:14AM,West to High Park,2024-09-30,0,Main St at Danforth Ave,7518
291,5:23:45AM,4410.0,22:11,22:00,0:31 behind 5:23:14AM,West to High Park,2024-09-30,0,Main St at Danforth Ave,7518
292,5:38:50AM - 5:39:21AM,4529.0,15:05,22:00,0:36 behind 5:38:14AM,West to High Park,2024-09-30,0,Main St at Danforth Ave,7518
293,4:39:47AM,4529.0,,,0:33 behind 4:39:14AM,West to High Park,2024-10-01,1,Main St at Danforth Ave,7518
294,5:01:14AM (sched),,,22:00,Scheduled at 5:01:14AM,West to High Park,2024-10-01,1,Main St at Danforth Ave,7518
295,5:01:33AM,4526.0,21:46,,0:19 behind 5:01:14AM,West to High Park,2024-10-01,1,Main St at Danforth Ave,7518
296,5:23:34AM,4620.0,22:01,22:00,0:20 behind 5:23:14AM,West to High Park,2024-10-01,1,Main St at Danforth Ave,7518
297,5:40:26AM,4458.0,16:52,22:00,2:12 behind 5:38:14AM,West to High Park,2024-10-01,1,Main St at Danforth Ave,7518
298,4:39:23AM,4426.0,,,0:09 behind 4:39:14AM,West to High Park,2024-10-02,2,Main St at Danforth Ave,7518
299,5:01:14AM (sched),,,22:00,Scheduled at 5:01:14AM,West to High Park,2024-10-02,2,Main St at Danforth Ave,7518
300,5:01:28AM,4453.0,22:05,,0:14 behind 5:01:14AM,West to High Park,2024-10-02,2,Main St at Danforth Ave,7518
301,5:23:36AM,4464.0,22:08,22:00,0:22 behind 5:23:14AM,West to High Park,2024-10-02,2,Main St at Danforth Ave,7518
302,5:38:13AM,4529.0,14:37,22:00,0:01 ahead of 5:38:14AM,West to High Park,2024-10-02,2,Main St at Danforth Ave,7518
303,4:39:36AM,4514.0,,,0:18 behind 4:39:18AM,West to High Park,2024-10-03,3,Main St at Danforth Ave,7518
304,5:01:14AM (sched),,,22:00,Scheduled at 5:01:14AM,West to High Park,2024-10-03,3,Main St at Danforth Ave,7518
305,5:02:04AM - 5:02:34AM,4495.0,22:28,,0:50 behind 5:01:14AM,West to High Park,2024-10-03,3,Main St at Danforth Ave,7518
306,5:23:40AM,4530.0,21:06,22:00,0:26 behind 5:23:14AM,West to High Park,2024-10-03,3,Main St at Danforth Ave,7518
307,5:40:05AM - 5:40:46AM,4621.0,16:25,22:00,1:51 behind 5:38:14AM,West to High Park,2024-10-03,3,Main St at Danforth Ave,7518
308,4:41:54AM,4581.0,,,2:40 behind 4:39:14AM,West to High Park,2024-10-04,4,Main St at Danforth Ave,7518
309,5:01:01AM - 5:01:30AM,4405.0,19:07,,0:13 ahead of 5:01:14AM,West to High Park,2024-10-04,4,Main St at Danforth Ave,7518
310,5:01:14AM (sched),,,22:00,Scheduled at 5:01:14AM,West to High Park,2024-10-04,4,Main St at Danforth Ave,7518
311,5:23:24AM,4401.0,21:54,22:00,0:10 behind 5:23:14AM,West to High Park,2024-10-04,4,Main St at Danforth Ave,7518
312,5:39:26AM,4486.0,16:02,22:00,1:12 behind 5:38:14AM,West to High Park,2024-10-04,4,Main St at Danforth Ave,7518
313,4:59:56AM,4519.0,,,0:16 ahead of 5:00:12AM,West to High Park,2024-10-05,5,Main St at Danforth Ave,7518
314,5:19:57AM,4440.0,20:01,20:00,0:15 ahead of 5:20:12AM,West to High Park,2024-10-05,5,Main St at Danforth Ave,7518
315,5:35:51AM,4556.0,15:54,18:00,0:24 ahead of 5:36:15AM,West to High Park,2024-10-05,5,Main St at Danforth Ave,7518
316,4:39:56AM - 4:40:31AM,4502.0,,,0:42 behind 4:39:14AM,West to High Park,2024-10-07,0,Main St at Danforth Ave,7518
317,5:05:23AM - 5:05:54AM,4508.0,24:52,22:00,4:09 behind 5:01:14AM,West to High Park,2024-10-07,0,Main St at Danforth Ave,7518
318,5:23:05AM,4475.0,17:11,22:00,0:09 ahead of 5:23:14AM,West to High Park,2024-10-07,0,Main St at Danforth Ave,7518
319,5:38:35AM,4518.0,15:29,22:00,0:21 behind 5:38:14AM,West to High Park,2024-10-07,0,Main St at Danforth Ave,7518
320,4:40:40AM,4461.0,,,1:26 behind 4:39:14AM,West to High Park,2024-10-08,1,Main St at Danforth Ave,7518
321,5:00:49AM - 5:01:19AM,4500.0,20:09,22:00,0:25 ahead of 5:01:14AM,West to High Park,2024-10-08,1,Main St at Danforth Ave,7518
322,5:22:37AM,4504.0,21:18,22:00,0:37 ahead of 5:23:14AM,West to High Park,2024-10-08,1,Main St at Danforth Ave,7518
323,5:38:06AM,4514.0,15:29,22:00,0:12 ahead of 5:38:18AM,West to High Park,2024-10-08,1,Main St at Danforth Ave,7518
324,4:38:38AM - 4:39:09AM,4439.0,,,0:36 ahead of 4:39:14AM,West to High Park,2024-10-09,2,Main St at Danforth Ave,7518
325,5:00:51AM,4453.0,21:42,22:00,0:23 ahead of 5:01:14AM,West to High Park,2024-10-09,2,Main St at Danforth Ave,7518
326,5:22:52AM,4404.0,22:01,22:00,0:22 ahead of 5:23:14AM,West to High Park,2024-10-09,2,Main St at Danforth Ave,7518
327,5:37:46AM,4553.0,14:54,22:00,0:28 ahead of 5:38:14AM,West to High Park,2024-10-09,2,Main St at Danforth Ave,7518
328,4:40:17AM - 4:40:50AM,4533.0,,,1:03 behind 4:39:14AM,West to High Park,2024-10-10,3,Main St at Danforth Ave,7518
329,5:02:41AM,4510.0,21:51,22:00,1:27 behind 5:01:14AM,West to High Park,2024-10-10,3,Main St at Danforth Ave,7518
330,5:23:14AM (sched),4405.0,,22:00,Scheduled at 5:23:14AM,West to High Park,2024-10-10,3,Main St at Danforth Ave,7518
331,5:38:29AM,4515.0,35:48,22:00,0:15 behind 5:38:14AM,West to High Park,2024-10-10,3,Main St at Danforth Ave,7518
332,4:39:26AM,4455.0,,,0:12 behind 4:39:14AM,West to High Park,2024-10-11,4,Main St at Danforth Ave,7518
333,5:01:22AM,4508.0,21:56,22:00,0:08 behind 5:01:14AM,West to High Park,2024-10-11,4,Main St at Danforth Ave,7518
334,5:23:43AM,4509.0,22:21,22:00,0:29 behind 5:23:14AM,West to High Park,2024-10-11,4,Main St at Danforth Ave,7518
335,5:38:50AM - 5:39:20AM,4513.0,15:07,22:00,0:36 behind 5:38:14AM,West to High Park,2024-10-11,4,Main St at Danforth Ave,7518
336,5:01:46AM - 5:02:16AM,4504.0,,,1:34 behind 5:00:12AM,West to High Park,2024-10-12,5,Main St at Danforth Ave,7518
337,5:20:22AM,4528.0,18:06,20:00,0:10 behind 5:20:12AM,West to High Park,2024-10-12,5,Main St at Danforth Ave,7518
338,5:35:25AM,4555.0,15:03,18:00,0:47 ahead of 5:36:12AM,West to High Park,2024-10-12,5,Main St at Danforth Ave,7518
339,5:05:39AM,4489.0,,,1:27 behind 5:04:12AM,West to High Park,2024-10-14,0,Main St at Danforth Ave,7518
340,5:19:12AM (sched),4413.0,,15:00,Scheduled at 5:19:12AM,West to High Park,2024-10-14,0,Main St at Danforth Ave,7518
341,5:34:12AM (sched),4526.0,,15:00,Scheduled at 5:34:12AM,West to High Park,2024-10-14,0,Main St at Danforth Ave,7518
342,5:44:17AM,4503.0,38:38,13:20,0:02 behind 5:44:15AM,West to High Park,2024-10-14,0,Main St at Danforth Ave,7518
343,4:39:05AM - 4:39:33AM,4492.0,,,0:09 ahead of 4:39:14AM,West to High Park,2024-10-15,1,Main St at Danforth Ave,7518
344,5:01:14AM (sched),4463.0,,22:00,Scheduled at 5:01:14AM,West to High Park,2024-10-15,1,Main St at Danforth Ave,7518
345,5:22:33AM,4513.0,43:00,22:00,0:41 ahead of 5:23:14AM,West to High Park,2024-10-15,1,Main St at Danforth Ave,7518
346,5:39:56AM,4432.0,17:23,22:00,1:42 behind 5:38:14AM,West to High Park,2024-10-15,1,Main St at Danforth Ave,7518
347,4:40:09AM,4450.0,,,0:53 behind 4:39:16AM,West to High Park,2024-10-16,2,Main St at Danforth Ave,7518
348,5:00:52AM,4503.0,20:43,22:00,0:22 ahead of 5:01:14AM,West to High Park,2024-10-16,2,Main St at Danforth Ave,7518
349,5:22:26AM,4524.0,21:34,22:00,0:48 ahead of 5:23:14AM,West to High Park,2024-10-16,2,Main St at Danforth Ave,7518
350,5:39:41AM - 5:40:12AM,4625.0,17:15,22:00,1:27 behind 5:38:14AM,West to High Park,2024-10-16,2,Main St at Danforth Ave,7518
351,4:39:12AM,4446.0,,,0:02 ahead of 4:39:14AM,West to High Park,2024-10-17,3,Main St at Danforth Ave,7518
352,5:02:19AM,4467.0,23:07,22:00,1:01 behind 5:01:18AM,West to High Park,2024-10-17,3,Main St at Danforth Ave,7518
353,5:22:36AM - 5:23:06AM,4469.0,20:17,22:00,0:38 ahead of 5:23:14AM,West to High Park,2024-10-17,3,Main St at Danforth Ave,7518
354,5:45:11AM,4611.0,22:05,18:30,6:57 behind 5:38:14AM,West to High Park,2024-10-17,3,Main St at Danforth Ave,7518
355,4:40:34AM,4615.0,,,1:20 behind 4:39:14AM,West to High Park,2024-10-18,4,Main St at Danforth Ave,7518
356,5:01:45AM,4484.0,21:11,22:00,0:31 behind 5:01:14AM,West to High Park,2024-10-18,4,Main St at Danforth Ave,7518
357,5:23:52AM,4622.0,22:07,22:00,0:37 behind 5:23:15AM,West to High Park,2024-10-18,4,Main St at Danforth Ave,7518
358,5:37:29AM,4550.0,13:37,22:00,0:45 ahead of 5:38:14AM,West to High Park,2024-10-18,4,Main St at Danforth Ave,7518
359,5:04:00AM,4452.0,,,3:48 behind 5:00:12AM,West to High Park,2024-10-19,5,Main St at Danforth Ave,7518
360,5:20:07AM,4515.0,16:07,20:00,0:05 ahead of 5:20:12AM,West to High Park,2024-10-19,5,Main St at Danforth Ave,7518
361,5:35:20AM - 5:35:51AM,4573.0,15:13,18:00,0:52 ahead of 5:36:12AM,West to High Park,2024-10-19,5,Main St at Danforth Ave,7518
362,4:44:12AM,4465.0,,22:00,4:58 behind 4:39:14AM,West to High Park,2024-10-21,0,Main St at Danforth Ave,7518
363,5:02:13AM - 5:02:44AM,4521.0,18:01,22:00,0:59 behind 5:01:14AM,West to High Park,2024-10-21,0,Main St at Danforth Ave,7518
364,5:22:46AM,4499.0,20:02,18:30,0:28 ahead of 5:23:14AM,West to High Park,2024-10-21,0,Main St at Danforth Ave,7518
365,5:39:52AM - 5:40:32AM,4514.0,17:06,15:00,1:38 behind 5:38:14AM,West to High Park,2024-10-21,0,Main St at Danforth Ave,7518
366,4:40:56AM,4529.0,,22:00,1:38 behind 4:39:18AM,West to High Park,2024-10-22,1,Main St at Danforth Ave,7518
367,5:02:37AM,4401.0,21:41,22:00,1:23 behind 5:01:14AM,West to High Park,2024-10-22,1,Main St at Danforth Ave,7518
368,5:22:40AM,4456.0,20:03,18:30,0:34 ahead of 5:23:14AM,West to High Park,2024-10-22,1,Main St at Danforth Ave,7518
369,5:39:30AM - 5:40:02AM,4427.0,16:50,15:00,1:16 behind 5:38:14AM,West to High Park,2024-10-22,1,Main St at Danforth Ave,7518
370,4:39:24AM,4607.0,,22:00,0:10 behind 4:39:14AM,West to High Park,2024-10-23,2,Main St at Danforth Ave,7518
371,5:02:13AM,4469.0,22:49,22:00,0:59 behind 5:01:14AM,West to High Park,2024-10-23,2,Main St at Danforth Ave,7518
372,5:22:25AM,4473.0,20:12,18:30,0:49 ahead of 5:23:14AM,West to High Park,2024-10-23,2,Main St at Danforth Ave,7518
373,5:38:07AM,4415.0,15:42,15:00,0:07 ahead of 5:38:14AM,West to High Park,2024-10-23,2,Main St at Danforth Ave,7518
374,4:39:46AM,4438.0,,22:00,0:32 behind 4:39:14AM,West to High Park,2024-10-24,3,Main St at Danforth Ave,7518
375,5:08:01AM,4402.0,28:15,22:00,6:47 behind 5:01:14AM,West to High Park,2024-10-24,3,Main St at Danforth Ave,7518
376,5:22:44AM,4495.0,14:43,18:30,0:30 ahead of 5:23:14AM,West to High Park,2024-10-24,3,Main St at Danforth Ave,7518
377,5:37:33AM,4441.0,14:49,15:00,0:41 ahead of 5:38:14AM,West to High Park,2024-10-24,3,Main St at Danforth Ave,7518
378,9:07:16AM (sched) Added,4509.0,,,Scheduled at 9:07:16AM,Carlton St,2024-10-24,3,Main St at Danforth Ave,7518
379,4:39:43AM - 4:40:10AM,4429.0,,22:00,0:29 behind 4:39:14AM,West to High Park,2024-10-25,4,Main St at Danforth Ave,7518
380,5:06:16AM - 5:06:47AM,4469.0,26:06,22:00,5:02 behind 5:01:14AM,West to High Park,2024-10-25,4,Main St at Danforth Ave,7518
381,5:23:34AM,4405.0,16:47,18:30,0:16 behind 5:23:18AM,West to High Park,2024-10-25,4,Main St at Danforth Ave,7518
382,5:37:27AM,4427.0,13:53,15:00,0:47 ahead of 5:38:14AM,West to High Park,2024-10-25,4,Main St at Danforth Ave,7518
383,5:02:24AM,4480.0,,20:00,2:12 behind 5:00:12AM,West to High Park,2024-10-26,5,Main St at Danforth Ave,7518
384,5:20:12AM (sched),,,20:00,Scheduled at 5:20:12AM,West to High Park,2024-10-26,5,Main St at Danforth Ave,7518
385,5:24:15AM,4492.0,21:51,18:00,4:03 behind 5:20:12AM,West to High Park,2024-10-26,5,Main St at Danforth Ave,7518
386,5:36:12AM (sched),,,16:00,Scheduled at 5:36:12AM,West to High Park,2024-10-26,5,Main St at Danforth Ave,7518
387,4:44:57AM - 4:45:22AM,4412.0,,22:00,5:43 behind 4:39:14AM,West to High Park,2024-10-28,0,Main St at Danforth Ave,7518
388,5:00:58AM - 5:01:28AM,4437.0,15:36,22:00,0:16 ahead of 5:01:14AM,West to High Park,2024-10-28,0,Main St at Danforth Ave,7518
389,5:22:37AM,4410.0,21:09,18:30,0:37 ahead of 5:23:14AM,West to High Park,2024-10-28,0,Main St at Danforth Ave,7518
390,5:37:25AM,4497.0,14:48,15:00,0:49 ahead of 5:38:14AM,West to High Park,2024-10-28,0,Main St at Danforth Ave,7518
391,4:39:23AM,4615.0,,22:00,0:09 behind 4:39:14AM,West to High Park,2024-10-29,1,Main St at Danforth Ave,7518
392,5:00:50AM,4513.0,21:27,22:00,0:24 ahead of 5:01:14AM,West to High Park,2024-10-29,1,Main St at Danforth Ave,7518
393,5:23:03AM - 5:23:33AM,4473.0,22:13,18:30,0:11 ahead of 5:23:14AM,West to High Park,2024-10-29,1,Main St at Danforth Ave,7518
394,5:38:02AM - 5:38:33AM,4480.0,14:29,15:00,0:12 ahead of 5:38:14AM,West to High Park,2024-10-29,1,Main St at Danforth Ave,7518
395,4:40:32AM,4401.0,,22:00,1:18 behind 4:39:14AM,West to High Park,2024-10-30,2,Main St at Danforth Ave,7518
396,5:02:03AM,4480.0,21:31,22:00,0:49 behind 5:01:14AM,West to High Park,2024-10-30,2,Main St at Danforth Ave,7518
397,5:23:30AM - 5:23:51AM,4614.0,21:27,18:30,0:16 behind 5:23:14AM,West to High Park,2024-10-30,2,Main St at Danforth Ave,7518
398,5:37:36AM,4477.0,13:45,15:00,0:38 ahead of 5:38:14AM,West to High Park,2024-10-30,2,Main St at Danforth Ave,7518
399,4:40:27AM,4440.0,,22:00,1:13 behind 4:39:14AM,West to High Park,2024-10-31,3,Main St at Danforth Ave,7518
400,5:03:21AM,4524.0,22:54,22:00,2:07 behind 5:01:14AM,West to High Park,2024-10-31,3,Main St at Danforth Ave,7518
401,5:23:52AM,4539.0,20:31,18:30,0:38 behind 5:23:14AM,West to High Park,2024-10-31,3,Main St at Danforth Ave,7518
402,5:37:32AM,4445.0,13:40,15:00,0:42 ahead of 5:38:14AM,West to High Park,2024-10-31,3,Main St at Danforth Ave,7518
403,4:43:46AM,4613.0,,22:00,4:32 behind 4:39:14AM,West to High Park,2024-11-01,4,Main St at Danforth Ave,7518
404,5:02:41AM - 5:03:06AM,4607.0,18:55,22:00,1:27 behind 5:01:14AM,West to High Park,2024-11-01,4,Main St at Danforth Ave,7518
405,5:23:14AM (sched),4483.0,,22:00,Scheduled at 5:23:14AM,West to High Park,2024-11-01,4,Main St at Danforth Ave,7518
406,5:24:58AM,4442.0,21:52,18:30,1:44 behind 5:23:14AM,West to High Park,2024-11-01,4,Main St at Danforth Ave,7518
407,5:37:23AM,4456.0,12:25,15:00,0:51 ahead of 5:38:14AM,West to High Park,2024-11-01,4,Main St at Danforth Ave,7518
408,5:07:18AM,4408.0,,18:00,7:06 behind 5:00:12AM,West to High Park,2024-11-02,5,Main St at Danforth Ave,7518
409,5:20:28AM,4401.0,13:10,18:00,0:16 behind 5:20:12AM,West to High Park,2024-11-02,5,Main St at Danforth Ave,7518
410,5:35:28AM,4569.0,15:00,16:00,0:44 ahead of 5:36:12AM,West to High Park,2024-11-02,5,Main St at Danforth Ave,7518
411,4:38:54AM,4408.0,,22:00,0:20 ahead of 4:39:14AM,West to High Park,2024-11-04,0,Main St at Danforth Ave,7518
412,5:06:26AM - 5:06:57AM,4553.0,27:32,22:00,5:12 behind 5:01:14AM,West to High Park,2024-11-04,0,Main St at Danforth Ave,7518
413,5:23:52AM,4447.0,16:55,18:30,0:38 behind 5:23:14AM,West to High Park,2024-11-04,0,Main St at Danforth Ave,7518
414,5:37:30AM,4533.0,13:38,15:00,0:44 ahead of 5:38:14AM,West to High Park,2024-11-04,0,Main St at Danforth Ave,7518
415,4:39:20AM,4533.0,,22:00,0:06 behind 4:39:14AM,West to High Park,2024-11-05,1,Main St at Danforth Ave,7518
416,5:01:57AM - 5:02:28AM,4553.0,22:37,22:00,0:43 behind 5:01:14AM,West to High Park,2024-11-05,1,Main St at Danforth Ave,7518
417,5:24:34AM - 5:25:04AM,4512.0,22:06,18:30,1:20 behind 5:23:14AM,West to High Park,2024-11-05,1,Main St at Danforth Ave,7518
418,5:38:39AM,4403.0,13:35,15:00,0:25 behind 5:38:14AM,West to High Park,2024-11-05,1,Main St at Danforth Ave,7518
419,11:25:48AM (sched) Added,4416.0,,,Scheduled at 11:25:48AM,Carlton St,2024-11-05,1,Main St at Danforth Ave,7518
420,4:39:26AM,4499.0,,22:00,0:08 behind 4:39:18AM,West to High Park,2024-11-06,2,Main St at Danforth Ave,7518
421,5:00:59AM - 5:01:20AM,4607.0,21:33,22:00,0:15 ahead of 5:01:14AM,West to High Park,2024-11-06,2,Main St at Danforth Ave,7518
422,5:24:48AM,4620.0,23:28,18:30,1:34 behind 5:23:14AM,West to High Park,2024-11-06,2,Main St at Danforth Ave,7518
423,5:38:26AM,4447.0,13:38,15:00,0:12 behind 5:38:14AM,West to High Park,2024-11-06,2,Main St at Danforth Ave,7518
424,4:38:46AM,4477.0,,22:00,0:28 ahead of 4:39:14AM,West to High Park,2024-11-07,3,Main St at Danforth Ave,7518
425,5:02:34AM - 5:03:05AM,4475.0,23:48,22:00,1:20 behind 5:01:14AM,West to High Park,2024-11-07,3,Main St at Danforth Ave,7518
426,5:23:05AM,4494.0,20:00,18:30,0:09 ahead of 5:23:14AM,West to High Park,2024-11-07,3,Main St at Danforth Ave,7518
427,5:37:30AM,4613.0,14:25,15:00,0:44 ahead of 5:38:14AM,West to High Park,2024-11-07,3,Main St at Danforth Ave,7518
428,4:40:14AM - 4:40:34AM,4485.0,,22:00,1:00 behind 4:39:14AM,West to High Park,2024-11-08,4,Main St at Danforth Ave,7518
429,5:00:31AM,4507.0,19:57,22:00,0:43 ahead of 5:01:14AM,West to High Park,2024-11-08,4,Main St at Danforth Ave,7518
430,5:22:33AM,4525.0,22:03,18:30,0:41 ahead of 5:23:14AM,West to High Park,2024-11-08,4,Main St at Danforth Ave,7518
431,5:37:29AM,4524.0,14:56,15:00,0:45 ahead of 5:38:14AM,West to High Park,2024-11-08,4,Main St at Danforth Ave,7518
432,5:00:53AM,4494.0,,20:00,0:41 behind 5:00:12AM,West to High Park,2024-11-09,5,Main St at Danforth Ave,7518
433,5:19:53AM,4561.0,19:00,18:00,0:19 ahead of 5:20:12AM,West to High Park,2024-11-09,5,Main St at Danforth Ave,7518
434,5:35:01AM,4594.0,15:08,16:00,1:11 ahead of 5:36:12AM,West to High Park,2024-11-09,5,Main St at Danforth Ave,7518
435,4:43:24AM,4431.0,,22:00,4:10 behind 4:39:14AM,West to High Park,2024-11-11,0,Main St at Danforth Ave,7518
436,5:01:13AM - 5:01:44AM,4517.0,17:49,22:00,0:01 ahead of 5:01:14AM,West to High Park,2024-11-11,0,Main St at Danforth Ave,7518
437,5:22:41AM,4503.0,20:57,18:30,0:33 ahead of 5:23:14AM,West to High Park,2024-11-11,0,Main St at Danforth Ave,7518
438,5:37:29AM,4529.0,14:48,15:00,0:45 ahead of 5:38:14AM,West to High Park,2024-11-11,0,Main St at Danforth Ave,7518
439,4:38:45AM,4426.0,,22:00,0:29 ahead of 4:39:14AM,West to High Park,2024-11-12,1,Main St at Danforth Ave,7518
440,5:00:39AM - 5:00:59AM,4404.0,21:54,22:00,0:35 ahead of 5:01:14AM,West to High Park,2024-11-12,1,Main St at Danforth Ave,7518
441,5:23:20AM,4494.0,22:21,18:30,0:06 behind 5:23:14AM,West to High Park,2024-11-12,1,Main St at Danforth Ave,7518
442,5:37:30AM - 5:38:01AM,4413.0,14:10,15:00,0:44 ahead of 5:38:14AM,West to High Park,2024-11-12,1,Main St at Danforth Ave,7518
443,4:41:17AM - 4:41:53AM,4400.0,,22:00,2:03 behind 4:39:14AM,West to High Park,2024-11-13,2,Main St at Danforth Ave,7518
444,5:01:02AM,4512.0,19:09,22:00,0:12 ahead of 5:01:14AM,West to High Park,2024-11-13,2,Main St at Danforth Ave,7518
445,5:24:33AM,4445.0,23:31,18:30,1:19 behind 5:23:14AM,West to High Park,2024-11-13,2,Main St at Danforth Ave,7518
446,5:39:39AM,4480.0,15:06,15:00,1:25 behind 5:38:14AM,West to High Park,2024-11-13,2,Main St at Danforth Ave,7518
447,4:40:54AM,4467.0,,22:00,1:39 behind 4:39:15AM,West to High Park,2024-11-14,3,Main St at Danforth Ave,7518
448,5:03:29AM,4444.0,22:35,22:00,2:15 behind 5:01:14AM,West to High Park,2024-11-14,3,Main St at Danforth Ave,7518
449,5:22:49AM,4512.0,19:20,18:30,0:25 ahead of 5:23:14AM,West to High Park,2024-11-14,3,Main St at Danforth Ave,7518
450,5:37:25AM,4421.0,14:36,15:00,0:49 ahead of 5:38:14AM,West to High Park,2024-11-14,3,Main St at Danforth Ave,7518
451,4:39:35AM,4623.0,,22:00,0:21 behind 4:39:14AM,West to High Park,2024-11-15,4,Main St at Danforth Ave,7518
452,5:00:35AM,4439.0,21:00,22:00,0:39 ahead of 5:01:14AM,West to High Park,2024-11-15,4,Main St at Danforth Ave,7518
453,5:23:02AM,4606.0,22:27,18:30,0:12 ahead of 5:23:14AM,West to High Park,2024-11-15,4,Main St at Danforth Ave,7518
454,5:37:31AM,4477.0,14:29,15:00,0:43 ahead of 5:38:14AM,West to High Park,2024-11-15,4,Main St at Danforth Ave,7518
455,5:05:31AM - 5:06:02AM,4498.0,,20:00,5:19 behind 5:00:12AM,West to High Park,2024-11-16,5,Main St at Danforth Ave,7518
456,5:22:59AM,4629.0,16:57,18:00,2:47 behind 5:20:12AM,West to High Park,2024-11-16,5,Main St at Danforth Ave,7518
457,5:35:29AM,4565.0,12:30,16:00,0:43 ahead of 5:36:12AM,West to High Park,2024-11-16,5,Main St at Danforth Ave,7518
458,4:43:52AM,4418.0,,22:00,4:38 behind 4:39:14AM,West to High Park,2024-11-18,0,Main St at Danforth Ave,7518
459,5:01:40AM,4624.0,17:48,22:00,0:26 behind 5:01:14AM,West to High Park,2024-11-18,0,Main St at Danforth Ave,7518
460,5:23:41AM,4495.0,22:01,18:30,0:27 behind 5:23:14AM,West to High Park,2024-11-18,0,Main St at Danforth Ave,7518
461,5:37:56AM,4461.0,14:15,15:00,0:18 ahead of 5:38:14AM,West to High Park,2024-11-18,0,Main St at Danforth Ave,7518
462,4:38:36AM - 4:39:06AM,4418.0,,22:00,0:38 ahead of 4:39:14AM,West to High Park,2024-11-19,1,Main St at Danforth Ave,7518
463,5:00:37AM,4618.0,21:31,22:00,0:37 ahead of 5:01:14AM,West to High Park,2024-11-19,1,Main St at Danforth Ave,7518
464,5:22:25AM,4403.0,21:48,18:30,0:49 ahead of 5:23:14AM,West to High Park,2024-11-19,1,Main St at Danforth Ave,7518
465,5:37:31AM - 5:38:01AM,4401.0,15:06,15:00,0:43 ahead of 5:38:14AM,West to High Park,2024-11-19,1,Main St at Danforth Ave,7518
466,4:40:22AM - 4:40:48AM,4491.0,,22:00,1:08 behind 4:39:14AM,West to High Park,2024-11-20,2,Main St at Danforth Ave,7518
467,5:00:45AM,4420.0,19:57,22:00,0:29 ahead of 5:01:14AM,West to High Park,2024-11-20,2,Main St at Danforth Ave,7518
468,5:23:37AM,4529.0,22:52,18:30,0:23 behind 5:23:14AM,West to High Park,2024-11-20,2,Main St at Danforth Ave,7518
469,5:38:07AM,4628.0,14:30,15:00,0:07 ahead of 5:38:14AM,West to High Park,2024-11-20,2,Main St at Danforth Ave,7518
470,4:40:23AM,4626.0,,22:00,1:09 behind 4:39:14AM,West to High Park,2024-11-21,3,Main St at Danforth Ave,7518
471,5:01:35AM,4420.0,21:12,22:00,0:21 behind 5:01:14AM,West to High Park,2024-11-21,3,Main St at Danforth Ave,7518
472,5:23:52AM,4463.0,22:17,18:30,0:38 behind 5:23:14AM,West to High Park,2024-11-21,3,Main St at Danforth Ave,7518
473,5:38:48AM,4425.0,14:56,15:00,0:30 behind 5:38:18AM,West to High Park,2024-11-21,3,Main St at Danforth Ave,7518
474,4:40:11AM,4431.0,,22:00,0:53 behind 4:39:18AM,West to High Park,2024-11-22,4,Main St at Danforth Ave,7518
475,5:00:43AM - 5:01:13AM,4503.0,20:32,22:00,0:31 ahead of 5:01:14AM,West to High Park,2024-11-22,4,Main St at Danforth Ave,7518
476,5:23:49AM,4512.0,22:36,18:30,0:35 behind 5:23:14AM,West to High Park,2024-11-22,4,Main St at Danforth Ave,7518
477,5:40:33AM,4626.0,16:44,15:00,2:19 behind 5:38:14AM,West to High Park,2024-11-22,4,Main St at Danforth Ave,7518
478,5:02:12AM,4422.0,,20:00,1:57 behind 5:00:15AM,West to High Park,2024-11-23,5,Main St at Danforth Ave,7518
479,5:20:30AM,4446.0,18:18,18:00,0:15 behind 5:20:15AM,West to High Park,2024-11-23,5,Main St at Danforth Ave,7518
480,5:35:29AM - 5:35:49AM,4586.0,14:59,16:00,0:43 ahead of 5:36:12AM,West to High Park,2024-11-23,5,Main St at Danforth Ave,7518
481,4:38:22AM,4528.0,,22:00,0:52 ahead of 4:39:14AM,West to High Park,2024-11-25,0,Main St at Danforth Ave,7518
482,5:01:01AM,4481.0,22:39,22:00,0:13 ahead of 5:01:14AM,West to High Park,2024-11-25,0,Main St at Danforth Ave,7518
483,5:23:33AM,4422.0,22:32,18:30,0:19 behind 5:23:14AM,West to High Park,2024-11-25,0,Main St at Danforth Ave,7518
484,5:37:47AM,4525.0,14:14,15:00,0:27 ahead of 5:38:14AM,West to High Park,2024-11-25,0,Main St at Danforth Ave,7518
485,4:39:32AM,4458.0,,22:00,0:18 behind 4:39:14AM,West to High Park,2024-11-26,1,Main St at Danforth Ave,7518
486,4:59:59AM - 5:00:29AM,4513.0,20:27,22:00,1:15 ahead of 5:01:14AM,West to High Park,2024-11-26,1,Main St at Danforth Ave,7518
487,5:23:13AM - 5:23:33AM,4432.0,22:44,18:30,0:01 ahead of 5:23:14AM,West to High Park,2024-11-26,1,Main St at Danforth Ave,7518
488,5:38:16AM - 5:38:47AM,4516.0,14:43,15:00,0:02 behind 5:38:14AM,West to High Park,2024-11-26,1,Main St at Danforth Ave,7518
489,4:38:28AM,4470.0,,22:00,0:46 ahead of 4:39:14AM,West to High Park,2024-11-27,2,Main St at Danforth Ave,7518
490,5:05:21AM - 5:05:55AM,4509.0,26:53,22:00,4:07 behind 5:01:14AM,West to High Park,2024-11-27,2,Main St at Danforth Ave,7518
491,5:22:32AM,4491.0,16:37,18:30,0:42 ahead of 5:23:14AM,West to High Park,2024-11-27,2,Main St at Danforth Ave,7518
492,5:38:04AM - 5:39:05AM,4527.0,15:32,15:00,0:10 ahead of 5:38:14AM,West to High Park,2024-11-27,2,Main St at Danforth Ave,7518
493,4:39:53AM,4437.0,,22:00,0:39 behind 4:39:14AM,West to High Park,2024-11-28,3,Main St at Danforth Ave,7518
494,4:58:11AM - 5:00:43AM,4430.0,18:18,22:00,3:03 ahead of 5:01:14AM,West to High Park,2024-11-28,3,Main St at Danforth Ave,7518
495,5:23:47AM,4492.0,23:04,18:30,0:33 behind 5:23:14AM,West to High Park,2024-11-28,3,Main St at Danforth Ave,7518
496,5:41:27AM,4516.0,17:40,15:00,3:13 behind 5:38:14AM,West to High Park,2024-11-28,3,Main St at Danforth Ave,7518
497,4:39:35AM,4449.0,,22:00,0:17 behind 4:39:18AM,West to High Park,2024-11-29,4,Main St at Danforth Ave,7518
498,5:00:41AM - 5:01:12AM,4400.0,21:06,22:00,0:33 ahead of 5:01:14AM,West to High Park,2024-11-29,4,Main St at Danforth Ave,7518
499,5:23:51AM,4479.0,22:39,18:30,0:37 behind 5:23:14AM,West to High Park,2024-11-29,4,Main St at Danforth Ave,7518
500,5:37:05AM,4470.0,13:14,15:00,1:09 ahead of 5:38:14AM,West to High Park,2024-11-29,4,Main St at Danforth Ave,7518
501,4:59:29AM - 4:59:50AM,4476.0,,20:00,0:43 ahead of 5:00:12AM,West to High Park,2024-11-30,5,Main St at Danforth Ave,7518
502,5:20:27AM,4457.0,20:37,18:00,0:15 behind 5:20:12AM,West to High Park,2024-11-30,5,Main St at Danforth Ave,7518
503,5:39:22AM,4567.0,18:55,16:00,3:10 behind 5:36:12AM,West to High Park,2024-11-30,5,Main St at Danforth Ave,7518
504,4:38:29AM,4456.0,,22:00,0:45 ahead of 4:39:14AM,West to High Park,2024-12-02,0,Main St at Danforth Ave,7518
505,5:01:15AM,4426.0,22:46,22:00,0:01 behind 5:01:14AM,West to High Park,2024-12-02,0,Main St at Danforth Ave,7518
506,5:23:58AM,4447.0,22:43,18:30,0:40 behind 5:23:18AM,West to High Park,2024-12-02,0,Main St at Danforth Ave,7518
507,5:38:54AM,4621.0,14:56,15:00,0:40 behind 5:38:14AM,West to High Park,2024-12-02,0,Main St at Danforth Ave,7518
508,4:40:10AM - 4:40:31AM,4616.0,,22:00,0:56 behind 4:39:14AM,West to High Park,2024-12-03,1,Main St at Danforth Ave,7518
509,5:00:39AM - 5:01:40AM,4472.0,20:08,22:00,0:35 ahead of 5:01:14AM,West to High Park,2024-12-03,1,Main St at Danforth Ave,7518
510,5:23:14AM,4618.0,21:34,18:30,0:00 behind 5:23:14AM,West to High Park,2024-12-03,1,Main St at Danforth Ave,7518
511,5:37:48AM - 5:38:49AM,4512.0,14:34,15:00,0:26 ahead of 5:38:14AM,West to High Park,2024-12-03,1,Main St at Danforth Ave,7518
512,4:39:12AM - 4:39:33AM,4448.0,,22:00,0:02 ahead of 4:39:14AM,West to High Park,2024-12-04,2,Main St at Danforth Ave,7518
513,5:00:37AM - 5:01:08AM,4529.0,21:04,22:00,0:37 ahead of 5:01:14AM,West to High Park,2024-12-04,2,Main St at Danforth Ave,7518
514,5:22:31AM,4475.0,21:23,18:30,0:43 ahead of 5:23:14AM,West to High Park,2024-12-04,2,Main St at Danforth Ave,7518
515,5:38:26AM - 5:38:56AM,4505.0,15:55,15:00,0:12 behind 5:38:14AM,West to High Park,2024-12-04,2,Main St at Danforth Ave,7518
516,4:38:35AM - 4:39:45AM,4439.0,,22:00,0:39 ahead of 4:39:14AM,West to High Park,2024-12-05,3,Main St at Danforth Ave,7518
517,4:59:57AM,4606.0,20:12,22:00,1:17 ahead of 5:01:14AM,West to High Park,2024-12-05,3,Main St at Danforth Ave,7518
518,5:23:51AM - 5:24:21AM,4563.0,23:54,18:30,0:37 behind 5:23:14AM,West to High Park,2024-12-05,3,Main St at Danforth Ave,7518
519,5:42:01AM,4489.0,17:40,15:00,3:47 behind 5:38:14AM,West to High Park,2024-12-05,3,Main St at Danforth Ave,7518
520,4:39:51AM,4428.0,,22:00,0:37 behind 4:39:14AM,West to High Park,2024-12-06,4,Main St at Danforth Ave,7518
521,5:00:32AM,4425.0,20:41,22:00,0:42 ahead of 5:01:14AM,West to High Park,2024-12-06,4,Main St at Danforth Ave,7518
522,5:23:53AM,4410.0,23:21,18:30,0:39 behind 5:23:14AM,West to High Park,2024-12-06,4,Main St at Danforth Ave,7518
523,5:38:47AM,4503.0,14:54,15:00,0:33 behind 5:38:14AM,West to High Park,2024-12-06,4,Main St at Danforth Ave,7518
524,4:58:45AM - 4:59:15AM,4407.0,,20:00,1:27 ahead of 5:00:12AM,West to High Park,2024-12-07,5,Main St at Danforth Ave,7518
525,5:21:34AM,4497.0,22:19,18:00,1:22 behind 5:20:12AM,West to High Park,2024-12-07,5,Main St at Danforth Ave,7518
526,5:35:39AM,4578.0,14:05,16:00,0:33 ahead of 5:36:12AM,West to High Park,2024-12-07,5,Main St at Danforth Ave,7518
527,4:43:23AM - 4:43:53AM,4494.0,,22:00,4:09 behind 4:39:14AM,West to High Park,2024-12-09,0,Main St at Danforth Ave,7518
528,5:00:26AM,4493.0,16:33,22:00,0:48 ahead of 5:01:14AM,West to High Park,2024-12-09,0,Main St at Danforth Ave,7518
529,5:23:55AM,4451.0,23:29,18:30,0:41 behind 5:23:14AM,West to High Park,2024-12-09,0,Main St at Danforth Ave,7518
530,5:37:43AM,4619.0,13:48,15:00,0:31 ahead of 5:38:14AM,West to High Park,2024-12-09,0,Main St at Danforth Ave,7518
531,9:37:59AM (sched) Added,8410.0,,,Scheduled at 9:37:59AM,Carlton St,2024-12-09,0,Main St at Danforth Ave,7518
532,4:39:53AM - 4:40:22AM,4410.0,,22:00,0:39 behind 4:39:14AM,West to High Park,2024-12-10,1,Main St at Danforth Ave,7518
533,5:02:24AM,4469.0,22:02,22:00,1:10 behind 5:01:14AM,West to High Park,2024-12-10,1,Main St at Danforth Ave,7518
534,5:24:42AM,4553.0,22:18,18:30,1:28 behind 5:23:14AM,West to High Park,2024-12-10,1,Main St at Danforth Ave,7518
535,5:37:49AM - 5:38:40AM,4426.0,13:07,15:00,0:25 ahead of 5:38:14AM,West to High Park,2024-12-10,1,Main St at Danforth Ave,7518
536,4:39:52AM - 4:40:23AM,4609.0,,22:00,0:38 behind 4:39:14AM,West to High Park,2024-12-11,2,Main St at Danforth Ave,7518
537,5:00:31AM - 5:01:01AM,4619.0,20:08,22:00,0:43 ahead of 5:01:14AM,West to High Park,2024-12-11,2,Main St at Danforth Ave,7518
538,5:24:36AM,4435.0,23:35,18:30,1:22 behind 5:23:14AM,West to High Park,2024-12-11,2,Main St at Danforth Ave,7518
539,5:37:47AM,4410.0,13:11,15:00,0:27 ahead of 5:38:14AM,West to High Park,2024-12-11,2,Main St at Danforth Ave,7518
540,4:39:14AM (sched),4463.0,,,Scheduled at 4:39:14AM,West to High Park,2024-12-12,3,Main St at Danforth Ave,7518
541,5:01:13AM,4449.0,,22:00,0:01 ahead of 5:01:14AM,West to High Park,2024-12-12,3,Main St at Danforth Ave,7518
542,5:23:49AM,4507.0,22:36,18:30,0:35 behind 5:23:14AM,West to High Park,2024-12-12,3,Main St at Danforth Ave,7518
543,5:40:48AM,4616.0,16:59,15:00,2:34 behind 5:38:14AM,West to High Park,2024-12-12,3,Main St at Danforth Ave,7518
544,4:40:25AM,4505.0,,22:00,1:11 behind 4:39:14AM,West to High Park,2024-12-13,4,Main St at Danforth Ave,7518
545,5:01:03AM,4523.0,20:38,22:00,0:11 ahead of 5:01:14AM,West to High Park,2024-12-13,4,Main St at Danforth Ave,7518
546,5:23:38AM,4616.0,22:35,18:30,0:24 behind 5:23:14AM,West to High Park,2024-12-13,4,Main St at Danforth Ave,7518
547,5:40:23AM,4495.0,16:45,15:00,2:09 behind 5:38:14AM,West to High Park,2024-12-13,4,Main St at Danforth Ave,7518
548,5:00:08AM,4427.0,,20:00,0:04 ahead of 5:00:12AM,West to High Park,2024-12-14,5,Main St at Danforth Ave,7518
549,5:21:53AM - 5:22:33AM,4626.0,21:45,18:00,1:41 behind 5:20:12AM,West to High Park,2024-12-14,5,Main St at Danforth Ave,7518
550,5:42:05AM,4417.0,19:32,16:00,5:51 behind 5:36:14AM,West to High Park,2024-12-14,5,Main St at Danforth Ave,7518
551,4:39:23AM - 4:39:54AM,4421.0,,22:00,0:09 behind 4:39:14AM,West to High Park,2024-12-16,0,Main St at Danforth Ave,7518
552,5:00:55AM,4460.0,21:01,22:00,0:19 ahead of 5:01:14AM,West to High Park,2024-12-16,0,Main St at Danforth Ave,7518
553,5:25:45AM - 5:26:16AM,4434.0,24:50,18:30,2:31 behind 5:23:14AM,West to High Park,2024-12-16,0,Main St at Danforth Ave,7518
554,5:37:47AM - 5:38:48AM,4433.0,11:31,15:00,0:27 ahead of 5:38:14AM,West to High Park,2024-12-16,0,Main St at Danforth Ave,7518
555,4:39:20AM,4467.0,,22:00,0:06 behind 4:39:14AM,West to High Park,2024-12-17,1,Main St at Danforth Ave,7518
556,5:00:23AM,4630.0,21:03,22:00,0:51 ahead of 5:01:14AM,West to High Park,2024-12-17,1,Main St at Danforth Ave,7518
557,5:23:47AM,4624.0,23:24,18:30,0:33 behind 5:23:14AM,West to High Park,2024-12-17,1,Main St at Danforth Ave,7518
558,5:37:47AM,4421.0,14:00,15:00,0:27 ahead of 5:38:14AM,West to High Park,2024-12-17,1,Main St at Danforth Ave,7518
559,4:43:18AM - 4:43:49AM,4483.0,,22:00,4:04 behind 4:39:14AM,West to High Park,2024-12-18,2,Main St at Danforth Ave,7518
560,5:00:58AM,4524.0,17:09,22:00,0:16 ahead of 5:01:14AM,West to High Park,2024-12-18,2,Main St at Danforth Ave,7518
561,5:22:38AM,4567.0,21:40,18:30,0:36 ahead of 5:23:14AM,West to High Park,2024-12-18,2,Main St at Danforth Ave,7518
562,5:38:14AM - 5:38:45AM,4560.0,15:36,15:00,0:00 behind 5:38:14AM,West to High Park,2024-12-18,2,Main St at Danforth Ave,7518
563,4:39:41AM,4406.0,,22:00,0:27 behind 4:39:14AM,West to High Park,2024-12-19,3,Main St at Danforth Ave,7518
564,5:00:59AM,4505.0,21:18,22:00,0:15 ahead of 5:01:14AM,West to High Park,2024-12-19,3,Main St at Danforth Ave,7518
565,5:23:40AM,4463.0,22:41,18:30,0:26 behind 5:23:14AM,West to High Park,2024-12-19,3,Main St at Danforth Ave,7518
566,5:37:23AM,4427.0,13:43,15:00,0:51 ahead of 5:38:14AM,West to High Park,2024-12-19,3,Main St at Danforth Ave,7518
567,4:32:09AM (sched) Added,4519.0,,,Scheduled at 4:32:09AM,Carlton St,2024-12-20,4,Main St at Danforth Ave,7518
568,4:38:46AM,4524.0,,22:00,0:28 ahead of 4:39:14AM,West to High Park,2024-12-20,4,Main St at Danforth Ave,7518
569,5:00:00AM,4530.0,21:13,22:00,1:14 ahead of 5:01:14AM,West to High Park,2024-12-20,4,Main St at Danforth Ave,7518
570,5:24:27AM - 5:24:57AM,4500.0,24:27,18:30,1:13 behind 5:23:14AM,West to High Park,2024-12-20,4,Main St at Danforth Ave,7518
571,5:38:14AM (sched),,,15:00,Scheduled at 5:38:14AM,West to High Park,2024-12-20,4,Main St at Danforth Ave,7518
572,5:00:41AM,4531.0,,20:00,0:29 behind 5:00:12AM,West to High Park,2024-12-21,5,Main St at Danforth Ave,7518
573,5:31:56AM,4576.0,31:15,16:00,4:16 ahead of 5:36:12AM,West to High Park,2024-12-21,5,Main St at Danforth Ave,7518
574,5:37:34AM,4431.0,5:38,16:00,17:22 behind 5:20:12AM,West to High Park,2024-12-21,5,Main St at Danforth Ave,7518
575,4:38:36AM,4500.0,,22:00,0:38 ahead of 4:39:14AM,West to High Park,2024-12-23,0,Main St at Danforth Ave,7518
576,5:01:47AM - 5:02:17AM,4613.0,23:11,22:00,0:33 behind 5:01:14AM,West to High Park,2024-12-23,0,Main St at Danforth Ave,7518
577,5:22:48AM,4616.0,20:31,18:30,0:26 ahead of 5:23:14AM,West to High Park,2024-12-23,0,Main St at Danforth Ave,7518
578,5:37:58AM,4459.0,15:10,15:00,0:16 ahead of 5:38:14AM,West to High Park,2024-12-23,0,Main St at Danforth Ave,7518
579,4:39:01AM - 4:39:31AM,4455.0,,22:00,0:13 ahead of 4:39:14AM,West to High Park,2024-12-24,1,Main St at Danforth Ave,7518
580,5:04:28AM,4447.0,24:57,22:00,3:14 behind 5:01:14AM,West to High Park,2024-12-24,1,Main St at Danforth Ave,7518
581,5:23:14AM,4480.0,18:46,18:30,0:00 behind 5:23:14AM,West to High Park,2024-12-24,1,Main St at Danforth Ave,7518
582,5:38:08AM,4466.0,14:54,15:00,0:06 ahead of 5:38:14AM,West to High Park,2024-12-24,1,Main St at Danforth Ave,7518
583,5:04:12AM (sched),,,,Scheduled at 5:04:12AM,West to High Park,2024-12-26,3,Main St at Danforth Ave,7518
584,5:19:12AM (sched),,,15:00,Scheduled at 5:19:12AM,West to High Park,2024-12-26,3,Main St at Danforth Ave,7518
585,5:34:12AM (sched),,,15:00,Scheduled at 5:34:12AM,West to High Park,2024-12-26,3,Main St at Danforth Ave,7518
586,5:44:12AM (sched),,,10:00,Scheduled at 5:44:12AM,West to High Park,2024-12-26,3,Main St at Danforth Ave,7518
587,4:39:14AM (sched),,,,Scheduled at 4:39:14AM,West to High Park,2024-12-27,4,Main St at Danforth Ave,7518
588,5:01:14AM (sched),,,22:00,Scheduled at 5:01:14AM,West to High Park,2024-12-27,4,Main St at Danforth Ave,7518
589,5:23:14AM (sched),,,22:00,Scheduled at 5:23:14AM,West to High Park,2024-12-27,4,Main St at Danforth Ave,7518
590,5:38:14AM (sched),,,15:00,Scheduled at 5:38:14AM,West to High Park,2024-12-27,4,Main St at Danforth Ave,7518
591,5:00:12AM (sched),,,,Scheduled at 5:00:12AM,West to High Park,2024-12-28,5,Main St at Danforth Ave,7518
592,5:20:12AM (sched),,,20:00,Scheduled at 5:20:12AM,West to High Park,2024-12-28,5,Main St at Danforth Ave,7518
593,5:36:12AM (sched),,,16:00,Scheduled at 5:36:12AM,West to High Park,2024-12-28,5,Main St at Danforth Ave,7518
594,4:40:51AM,4415.0,,22:00,1:37 behind 4:39:14AM,West to High Park,2024-12-30,0,Main St at Danforth Ave,7518
595,5:00:43AM,4455.0,19:52,22:00,0:31 ahead of 5:01:14AM,West to High Park,2024-12-30,0,Main St at Danforth Ave,7518
596,5:22:50AM,4512.0,22:07,18:30,0:24 ahead of 5:23:14AM,West to High Park,2024-12-30,0,Main St at Danforth Ave,7518
597,5:37:46AM - 5:38:17AM,4481.0,14:56,15:00,0:28 ahead of 5:38:14AM,West to High Park,2024-12-30,0,Main St at Danforth Ave,7518
598,4:39:22AM,4605.0,,22:00,0:08 behind 4:39:14AM,West to High Park,2024-12-31,1,Main St at Danforth Ave,7518
599,5:00:47AM - 5:01:18AM,4425.0,21:25,22:00,0:27 ahead of 5:01:14AM,West to High Park,2024-12-31,1,Main St at Danforth Ave,7518
600,5:23:34AM,4428.0,22:16,18:30,0:20 behind 5:23:14AM,West to High Park,2024-12-31,1,Main St at Danforth Ave,7518
601,5:38:37AM,4611.0,15:03,15:00,0:23 behind 5:38:14AM,West to High Park,2024-12-31,1,Main St at Danforth Ave,7518
